"DT_GERACAO";"HH_GERACAO";"AA_ELEICAO";"CD_ELEICAO";"NM_ELEICAO";"SG_UF";"SG_UE";"NM_UE";"NR_PROTOCOLO_REGISTRO";"DT_REGISTRO";"ST_PESQUISA_PROPRIA";"NR_CNPJ_EMPRESA";"NM_EMPRESA";"NM_EMPRESA_FANTASIA";"DS_CARGO";"DT_INICIO_PESQUISA";"DT_FIM_PESQUISA";"DT_DIVULGACAO";"QT_ENTREVISTADO";"CD_CONRE";"NM_ESTATISTICO_RESP";"VR_PESQUISA";"DS_METODOLOGIA_PESQUISA";"DS_PLANO_AMOSTRAL";"DS_SISTEMA_CONTROLE";"DS_DADO_MUNICIPIO"
"01/09/2026";"05:46:44";2026;81;"Eleições Gerais 2026";"MA";"MA";"MARANHÃO";"MA025812026";"2026-07-16 23:27:52";"N";"27844225000180";"VERITAS PLANEJAMENTO E ASSESSORIA LTDA";"VERITAS PLANEJAMENTO";"Governador, Senador";"2026-07-17 00:00:00";"2026-07-20 00:00:00";"2026-07-22 00:00:00";1000;"9137-A";"Erika Cristina Ferreira";"80000,00";"Trata-se de uma pesquisa quantitativa realizada por meio de entrevistas, com aplicação de questionário estruturado a uma amostra representativa do eleitorado em estudo. A pesquisa foi conduzida no Estado do Maranhão (MA).";"A amostra é representativa do eleitorado da área pesquisada e foi elaborada em três estágios.
No primeiro estágio, realiza-se o sorteio probabilístico dos municípios onde serão conduzidas as entrevistas, utilizando o método PPT (Probabilidade Proporcional ao Tamanho). Para essa seleção, considera-se como base a população eleitora residente nos municípios com 16 anos ou mais.
No segundo estágio, é realizado o sorteio probabilístico das localidades dentro dos municípios previamente selecionados, também por meio do método PPT (Probabilidade Proporcional ao Tamanho), tomando como referência a população eleitora com 16 anos ou mais residente nessas localidades.
No terceiro e último estágio, dentro das localidades sorteadas, os entrevistados são selecionados por meio de cotas amostrais proporcionais, definidas a partir de variáveis consideradas relevantes, conforme descrito a seguir:
GÊNERO:
Feminino: 51,92%;
Masculino: 48,08%.
(Fonte: TSE, Junho/2026 -- https://sig.tse.jus.br/ords/dwapr/r/seai/sig-eleitor-eleitorado-mensal/perfil-do-eleitorado-mensal?session=19870699363736)
FAIXA ETÁRIA:
16 a 17 anos: 2,48%;
18 a 24 anos: 15,03%;
25 a 34 anos: 20,64%;
35 a 44 anos: 20,49%;
45 a 59 anos: 22,81%;
60 anos ou mais: 18,55%.
(Fonte: TSE, Junho/2026 -- https://sig.tse.jus.br/ords/dwapr/r/seai/sig-eleitor-eleitorado-mensal/cruzamento-eleitorado-mensal?p24_cruzamento_1=ds_faixa_etaria&p24_metricas=E&p24_back=22&clear=24&session=19870699363736)
ESCOLARIDADE:
Analfabeto/Lê e Escreve: 18,29%;
Ensino Fundamental Completo: 5,50%;
Ensino Fundamental Incompleto: 20,50%;
Ensino Médio Completo: 26,84%;
Ensino Médio Incompleto: 19,59%;
Ensino Superior Completo: 6,06%;
Ensino Superior Incompleto: 3,22%.
(Fonte: TSE, Junho/2026 -- https://sig.tse.jus.br/ords/dwapr/r/seai/sig-eleitor-eleitorado-mensal/cruzamento-eleitorado-mensal?p24_cruzamento_1=ds_grau_instrucao&p24_metricas=E&p24_back=22&clear=24&session=19870699363736)
RENDA DOMICILIAR MENSAL:
Sem rendimento mensal: 7,98%;
Até ½ Salário Mínimo: 13,71%;
De ½ a 1 Salário Mínimo: 21,95%;
Entre 1 e 2 Salários Mínimos: 27,15%;
Entre 2 e 5 Salários Mínimos: 20,82%;
De 5 a 10 Salários Mínimos: 5,56%;
De 10 a 20 Salários Mínimos: 1,99%;
Mais de 20 Salários Mínimos: 0,85%.
(Fonte: IBGE (Censo/2010) -- https://cidades.ibge.gov.br/brasil/ma/pesquisa/23/24304?detalhes=true )
Observação: De acordo com o Instituto Brasileiro de Geografia e Estatística (IBGE), ainda não há previsão de divulgação do perfil econômico da população brasileira com base no Censo 2022. Dessa forma, os dados referentes ao nível econômico provenientes desse censo ainda não podem ser utilizados, pois não foram publicados.
Está prevista a realização de ponderação para correção das variáveis sexo e idade, com base nos percentuais apresentados anteriormente, caso sejam observadas diferenças superiores a três pontos percentuais entre a distribuição prevista na amostra e aquela obtida na coleta de dados. Para as variáveis grau de instrução e nível econômico do entrevistado, o fator de ponderação previsto é igual a 1, ou seja, serão utilizados os resultados observados em campo.
O nível de confiança estimado para os resultados é de 95%, e a margem de erro máxima estimada, considerando um modelo de amostragem aleatória simples, é de aproximadamente 3(três) pontos percentuais para mais ou para menos sobre os resultados observados para o total da amostra.

";"A coleta de dados é acompanhada por supervisores responsáveis pelo monitoramento das atividades de campo. Além disso, 30% (trinta por cento) dos questionários são selecionados aleatoriamente para verificação posterior, por meio de ligações telefônicas realizadas para os números informados nos formulários. Em caso de inconsistências ou dúvidas, o questionário é descartado e o entrevistador é convocado para prestar esclarecimentos.";"O detalhamento dos municípios e bairros contemplados na pesquisa será apresentado em arquivo anexo. Nos casos em que não houver delimitação específica do bairro, será indicada a área onde a entrevista foi realizada, conforme disposto no §7º do art. 2º da Resolução-TSE nº 23.600/2019. "
"01/09/2026";"05:46:44";2026;81;"Eleições Gerais 2026";"MA";"MA";"MARANHÃO";"MA005662026";"2026-08-16 14:05:10";"N";"17002607000103";"MARIA M DA SILVA";"COMPLETA PESQUISAS DE OPNIAO";"Governador, Senador, Deputado Federal, Deputado Estadual";"2026-08-15 00:00:00";"2026-08-20 00:00:00";"2026-08-22 00:00:00";1500;"8223-A";"DANILIO SILVA SANTOS";"60000,00";"Pesquisa quantitativa, realizada por amostragem, mediante entrevistas individuais, domiciliares e presenciais, face a face, com eleitoras e eleitores aptos a votar nas Eleições Gerais de 2026 no município em que ocorrer a coleta. Integram o público-alvo as pessoas regularmente alistadas no cadastro eleitoral e aptas ao pleito, inclusive aquelas que tenham 15 anos na data da entrevista, desde que completem 16 anos até 4 de outubro de 2026 e estejam aptas a votar, conforme a regra eleitoral aplicável ao primeiro turno.
São realizadas 1.500 entrevistas válidas, distribuídas em 60 municípios do Maranhão. O desenho é estratificado geograficamente, com cobertura de todas as Regiões Geográficas Imediatas do Estado, segundo a Divisão Regional do Brasil do IBGE, e dispersão da coleta entre diferentes portes eleitorais.";"A pesquisa utiliza 1.500 entrevistas válidas em 60 municípios do Maranhão, tendo como universo de referência o eleitorado apto a votar nas Eleições Gerais de 2026 no Estado. O plano é controlado por gênero, faixa etária, grau de instrução, nível econômico e área física de realização da entrevista, preservando correspondência entre as categorias do questionário, da base de dados, da memória de cálculo e do registro no PesqEle.
Para gênero, são utilizados os parâmetros de 48,1% masculino e 51,9% feminino. Para faixa etária, a distribuição de referência é de 17,1% para 16 a 24 anos, 20,6% para 25 a 34 anos, 20,5% para 35 a 44 anos, 23,0% para 45 a 59 anos e 18,8% para 60 anos ou mais. A classificação etária observa a idade eleitoral considerada para o primeiro turno de 2026. Assim, pessoa com 15 anos na data da coleta somente é elegível se estiver regularmente alistada e completar 16 anos até 4 de outubro de 2026; nessa hipótese, integra a faixa de 16 a 24 anos para fins de compatibilização com as Estatísticas do Eleitorado das Eleições 2026.
Para grau de instrução, são adotados os parâmetros de 18,3% para analfabeto/sem instrução formal/apenas lê e escreve, 26,0% para ensino fundamental incompleto ou completo, 46,4% para ensino médio incompleto ou completo e 9,3% para ensino superior incompleto ou completo. Fonte: Tribunal Superior Eleitoral - Estatísticas do Eleitorado, Eleições 2026, extração oficial de julho de 2026. As categorias originais de idade e escolaridade do cadastro eleitoral são agregadas exclusivamente segundo correspondência previamente definida e arquivada, com indicação das quantidades absolutas, denominadores utilizados e registros residuais desconsiderados.
Quanto ao nível econômico, considera-se renda familiar mensal, definida como a soma dos rendimentos mensais das pessoas residentes no domicílio. Os parâmetros adotados são 54,0% com renda familiar de zero até 2 salários mínimos, 36,0% com renda familiar superior a 2 e até 5 salários mínimos e 10,0% com renda familiar superior a 5 salários mínimos. A fonte é a PNAD Contínua anual 2025 - Rendimento de Todas as Fontes, do IBGE, mediante tabulação própria dos microdados para o Maranhão e compatibilização das faixas em múltiplos do salário mínimo do ano de referência. Na coleta, as faixas são aplicadas utilizando o salário mínimo nacional vigente na data da entrevista.
A opção ¿NS/NR / Prefere não informar¿ é admitida no questionário como categoria residual de não resposta e não implica invalidação automática da entrevista. Os percentuais-alvo de 54,0%, 36,0% e 10,0% referem-se às respostas de renda válidas. A não resposta não é imputada de forma discricionária; permanece identificada na base e na composição final, e a calibração por renda é realizada somente entre os casos com informação válida, mantendo-se para os demais casos os ajustes decorrentes das outras dimensões de ponderação. O procedimento e a proporção final de não resposta são registrados na memória de cálculo.
Quanto à área física, utiliza-se como referência auxiliar de controle a distribuição da população residente do Maranhão apurada pelo Censo Demográfico 2022. A classificação de cada entrevista é determinada pelo setor censitário ou pela delimitação geográfica aplicável à área de coleta.
A ponderação final é realizada por calibração iterativa das margens de controle, preservando o total de 1.500 casos. 
Para a amostra total de 1.500 entrevistas, adota-se nível de confiança de 95% e margem de erro máxima estimada de 2,53 p.p.
";"O trabalho é executado por entrevistadores previamente treinados e supervisionados. Cada entrevistador recebe folha de campo ou mapa de rota contendo município, bairro/área oficial, povoado/localidade quando existente, classificação urbana/rural. A escolha de domicílios ou respondentes fora das regras de seleção não é permitida.
Cada questionário recebe é vinculado ao entrevistador, município, bairro/área, povoado/localidade, classificação urbana/rural e controle da ordem do domicílio abordado. A supervisão acompanha a produção por entrevistador, município, setor e cota, permitindo reconstruir o percurso e confrontar a amostra produzida com o planejamento de campo.
Todos os questionários são submetidos a crítica antes da incorporação à base definitiva. São verificados: identificação do ponto amostral; correspondência entre município, área oficial e setor censitário; aplicação do intervalo de salto e da rota sistemática; elegibilidade eleitoral; cumprimento dos filtros; coerência das respostas; regras do primeiro e do segundo voto ao Senado; integridade das perguntas estimuladas; cumprimento das cotas; ausência de duplicidades; regularidade de correções; e compatibilidade da entrevista com a matriz amostral.
Questionários com falha de preenchimento relevante, descumprimento de rota ou salto, entrevista fora do setor ou área prevista, seleção não autorizada do domicílio ou respondente, inconsistência lógica não esclarecida, duplicidade, violação de filtro, descumprimento de cota ou outra irregularidade capaz de comprometer sua validade são invalidados e não integram a base final. A causa da invalidação é registrada de forma individualizada.
A reposição de entrevista invalidada é realizada no mesmo município e, sempre que tecnicamente possível, no mesmo setor censitário e bairro/área oficial, preservando a classificação urbana/rural e a célula de cota afetada. A reposição deve seguir nova posição válida da rota sistemática ou rota de reserva previamente prevista, sob autorização da supervisão. Não é permitida transferência livre da reposição para outro município, bairro, setor ou domicílio por mera conveniência operacional.
Os dados de contato para checagem são coletados em ficha destacável da base analítica, vinculada ao questionário apenas por código operacional. Esses dados são utilizados exclusivamente para conferência, fiscalização e auditoria do trabalho de campo, com acesso restrito, retenção compatível com a finalidade e tratamento conforme a Lei nº 13.709/2018. Nome, endereço e telefone não integram a base utilizada para cálculo ou divulgação dos resultados.
O instituto mantém, para eventual fiscalização prevista no art. 13 da Resolução-TSE nº 23.600/2019, documentação auditável suficiente para reproduzir o desenho e a execução da pesquisa: matriz amostral; lista dos municípios e Regiões Geográficas Imediatas; mapas e códigos dos setores; folhas de rota com ponto inicial e intervalo k; identificação dos entrevistadores; controle de produção; formulários válidos.
";"A partir do dia em que a pesquisa puder ser divulgada e até o dia seguinte, o registro será complementado com a relação dos municípios e bairros abrangidos, ou, na ausência de delimitação formal de bairro, com a área efetivamente utilizada, observando-se a divisão político-administrativa estabelecida em ato normativo oficial do respectivo ente federativo e, apenas quando inexistente delimitação formal, outra fonte pública. Para cada ponto de coleta será preservada a correspondência entre município, bairro/área oficial, povoado/localidade e setor censitário.
Na mesma complementação serão informados o número de eleitoras e eleitores pesquisados em cada setor e a composição da amostra final quanto a gênero, idade, grau de instrução e nível econômico, conforme as categorias efetivamente utilizadas no questionário e na base. A relação também evidenciará a cobertura das Regiões Geográficas Imediatas do Maranhão e permitirá o confronto com a matriz de 60 municípios e com a distribuição planejada das entrevistas.
"
"01/09/2026";"05:46:44";2026;81;"Eleições Gerais 2026";"MA";"MA";"MARANHÃO";"MA099712026";"2026-08-14 22:05:23";"N";"64500153000180";"LAIS CRISTINA RODRIGUES DE OLIVEIRA LTDA";"IPSENSUS PESQUISAS";"Governador, Senador, Deputado Federal, Deputado Estadual";"2026-08-15 00:00:00";"2026-08-20 00:00:00";"2026-08-20 00:00:00";1480;"7655";"AUGUSTO DA SILVA ROCHA";"15000,00";"A pesquisa será do tipo quantitativo, por amostragem aleatória, com aplicação de questionário estruturado e abordagem de moradores eleitores nos municípios do estado do Maranhão, divididos nas regiões dentro do estado. O conjunto da população do Estado do Maranhão com 16 anos ou mais e que são votantes no referido estado foi tomado como universo da pesquisa.";"A amostra será representativa do eleitorado da área pesquisada e será selecionada em três etapas. Na primeira etapa realiza-se um sorteio probabilístico dos municípios onde as entrevistas serão realizadas através do método PPT (Probabilidade Proporcional ao Tamanho), considerando a população eleitora com 16 anos ou mais residente nos municípios como base para essa seleção. Na segunda etapa, faz-se um sorteio probabilístico das localidades, onde as entrevistas serão realizadas, através do método PPT (Probabilidade Proporcional ao Tamanho), tomando a população eleitora de 16 anos ou mais residente nas localidades como base para essa seleção. Na terceira etapa, a seleção do entrevistado dentro da localidade, será feita utilizando-se quotas amostrais proporcionais, em função das variáveis sexo, faixa etária, grau de instrução e Nível socioeconômico (renda mensal familiar). Por fim, os entrevistados são selecionados aleatoriamente para responder ao questionário, de acordo com cotas: SEXO: FEMININO 51,92% ; MASCULINO 48,08% ; Faixa Etária: 16 a 24 anos 17,65% ; 25 a 34 anos 20,61% ; 35 a 44 anos 20,46% ; 45 a 59 anos 22,77% ; 60 anos ou mais 18,51% ; Grau de instrução: ANALFABETO 7,25% ; LÊ E ESCREVE 11,05% ; ENSINO FUNDAMENTAL COMPLETO 5,50% ; ENSINO FUNDAMENTAL INCOMPLETO 20,50% ; ENSINO MÉDIO COMPLETO 26,84% ; ENSINO MÉDIO INCOMPLETO 19,59% ; SUPERIOR COMPLETO 6,06% ; SUPERIOR INCOMPLETO 3,21% ; Nível econômico (renda mensal familiar): Até 1/2 salário mínimo 13,71% ; Mais de 1/2 a 1 salário mínimo 21,95% ; Mais de 1 a 2 salários mínimos 27,15% ; Mais de 2 a 5 salários mínimos 20,82% ; Mais de 5 a 10 salários mínimos 5,56% ; Mais de 10 a 20 salários mínimos 1,99% ; Mais de 20 salários mínimos 0,85% ; Sem rendimento 7,97% ; Fonte pública dos dados IBGE IBGE | Cidades@ | Maranhão | Pesquisa | Censo 2010 | Universo - Características da população e dos domicílios; https://cidades.ibge.gov.br/brasil/ma/pesquisa/23/24304?detalhes=true; (TSE/JUNHO2026): https://sig.tse.jus.br/ords/dwapr/r/seai/sig-eleitor-eleitorado-mensal/cruzamento-eleitorado-mensal?p24_metricas=E&p24_back=22&p24_cruzamento_1=ds_sexo&clear=24&session=108492167907142; https://sig.tse.jus.br/ords/dwapr/r/seai/sig-eleitor-eleitorado-mensal/cruzamento-eleitorado-mensal?p24_cruzamento_1=ds_faixa_etaria&p24_metricas=E&p24_back=22&clear=24&session=108492167907142; https://sig.tse.jus.br/ords/dwapr/r/seai/sig-eleitor-eleitorado-mensal/cruzamento-eleitorado-mensal?p24_cruzamento_1=ds_grau_instrucao&p24_metricas=E&p24_back=22&clear=24&session=108492167907142; ; Ano=2026; Mês = JUNHO; UF= MA; Observação: Conforme informações disponibilizadas pelo Instituto Brasileiro de Geografia e Estatística (IBGE), não houve nem há previsão de divulgação do perfil econômico (nível econômico) da população brasileira no âmbito do Censo Demográfico de 2022 (https://censo2022.ibge.gov.br/panorama/), para essa variável será adotado o fator de ponderação igual a 1, correspondente aos resultados obtidos em campo, caso seja verificada diferença superior à margem de erro prevista no estudo entre a projeção da amostra baseada nos dados do IBGE 2010 e os dados efetivamente coletados. Para as variáveis de sexo, idade e grau de instrução, está previsto uma eventual ponderação, nos limites da margem de erro, para correção nos tamanhos das variáveis, caso ocorra uma diferença entre a previsão da amostra e a coleta dos dados realizados sobre a faixa de eleitores acima de 16 anos. Margem de Erro: A margem de erro máxima prevista é de 2,55 pontos percentuais para mais ou para menos, considerando um nível de confiança de 95%.";"Os entrevistadores envolvidos na realização desta pesquisa são treinados pelo Instituto e recebem instruções específicas para cada projeto realizado. Os pesquisadores são supervisionados por um coordenador que estará em campo juntamente com a equipe garantindo a lisura da pesquisa. Internamente, todo o material é verificado e codificado. Antes do processamento final e emissão dos resultados, realiza-se processo de consistência dos dados. Os dados coletados e tratados nesta pesquisa atendem às exigências da LGPD, Lei Geral de Proteção de Dados, garantindo ao respondente o sigilo de sua identidade e o correto tratamento de suas respostas.";"#NULO#"
"01/09/2026";"05:46:44";2026;81;"Eleições Gerais 2026";"MA";"MA";"MARANHÃO";"MA085912026";"2026-01-14 21:49:28";"N";"44470818000143";"ECONOMETRICA PESQUISA LTDA";"ECONOMETRICA PESQUISA";"Governador, Senador";"2026-01-08 00:00:00";"2026-01-11 00:00:00";"2026-01-20 00:00:00";1362;"8223-A";"DANILIO SILVA SANTOS";"40000,00";"Pesquisa quantitativa, que consiste na realização de entrevistas pessoais face a face, com a aplicação de questionário estruturado com questões abertas e fechadas, conduzida por pessoas previamente treinadas e oficialmente identificadas. A distribuição da amostra será feita a partir da representação do eleitorado das 6 regiões do Estado do Maranhão.";"Amostra representativa do eleitorado do Maranhão elaborada em três estágios. No primeiro estágio faz-se um sorteio probabilístico dos municípios de cada Mesorregião, onde o sorteio dos municípios será realizado pelo método PPT (Probabilidade Proporcional ao Tamanho), tomando o eleitorado como base para tal seleção. No segundo estágio faz-se um sorteio probabilístico dos bairros que serão pesquisados, tomando eleitorado como base para tal seleção. No terceiro e último estágio, dentro dos setores sorteados, os respondentes são selecionados através de quotas amostrais proporcionais em função de variáveis significativas, a saber: SEXO: Masculino: 48%; Feminino: 52%; IDADE: De 16 a 24 anos: 17%; De 25 a 34 anos: 21%; De 35 a 44 anos: 21%; De 45 a 59 anos: 23%, De 60 a mais: 18%; ESCOLARIDADE: Sem instrução ou Lê e escreve: 19%, Ensino Fundamental: 27%, Ensino Médio: 45%, Ensino Superior Incompleto e Completo: 9%. RENDA: Até 1 Salário-mínimo: 20%, De 1 a 2 Salários-mínimos: 43%, De 2 a 5 Salários-mínimos: 29% e Mais de 5 Salários-mínimos: 8%. Está prevista eventual ponderação para correção das variáveis sexo, idade e escolaridade e renda com base nos percentuais anteriormente mencionados, caso ocorram diferenças superiores a 3 pontos percentuais entre o previsto na amostra e a coleta de dados realizada. Para a variáveis RELIGIÃO do entrevistado, o fator previsto para ponderação é 1 (resultados obtidos em campo). O número de entrevistas é de 1362. O nível de confiança estimado é de 95% e a margem de erro máxima estimada considerando um modelo de amostragem aleatório simples, é de 2,7 pontos percentuais para mais ou para menos sobre os resultados encontrados no total da amostra.
FONTE DOS DADOS: Censo 2022 | TSE 2025.";"Para a realização da pesquisa, utiliza-se uma equipe de entrevistadores e supervisores contratados pelo ECONOMÉTRICA PESQUISA LTDA. devidamente treinados para o trabalho. Após os trabalhos de campo, os questionários são submetidos a uma fiscalização de 20% (vinte por cento) dos questionários aplicados pelos entrevistadores; para verificação das respostas e da adequação dos entrevistadores aos parâmetros amostrais.";"Bacabal 43, Barra do Corda 38, Grajaú 33, São Mateus do Maranhão 18, Pedreiras 17, Dom Pedro 11, Poção de Pedras 10, Gonçalves Dias 10, Formosa da Serra Negra 11, São Luís 192, São José de Ribamar 33, Paço do Lumiar 22, Timon 60, Caxias 55, Codó 40, Chapadinha 30, Coroatá 24, Colinas 13, Brejo 13, Santa Quitéria do Maranhão 10, Alto Alegre do Maranhão 11, Mirador 11, Anapurus 10, Pinheiro 38, Barreirinhas 31, Itapecuru Mirim 29, Tutóia 26, Vargem Grande 22, São Bento 18, Cururupu 16, Santa Helena 15, Humberto de Campos 15, São João Batista 12, Bequimão 11, Palmeirândia 12, Cajari 11, Cantanhede 11, Mirinzal 10, Igarapé do Meio 10, Imperatriz 105, Açailândia 43, Santa Inês 32, Santa Luzia 22, Buriticupu 22, Zé Doca 18, Bom Jardim 13, João Lisboa 15, Governador Nunes Freire 10, Santa Luzia do Paruá 10, Balsas 45, Porto Franco 14, Fortaleza dos Nogueiras 11. Total de Entrevistas 1362"
"01/09/2026";"05:46:44";2026;81;"Eleições Gerais 2026";"MA";"MA";"MARANHÃO";"MA096772026";"2026-07-23 21:55:03";"N";"64500153000180";"LAIS CRISTINA RODRIGUES DE OLIVEIRA LTDA";"IPSENSUS PESQUISAS";"Governador, Senador, Deputado Federal, Deputado Estadual";"2026-07-21 00:00:00";"2026-07-25 00:00:00";"2026-07-29 00:00:00";1800;"7655";"AUGUSTO DA SILVA ROCHA";"15000,00";"A pesquisa será do tipo quantitativo, por amostragem aleatória, com aplicação de questionário estruturado e abordagem de moradores eleitores nos municípios do estado do Maranhão, divididos nas regiões dentro do estado. O conjunto da população do Estado do Maranhão com 16 anos ou mais e que são votantes no referido estado foi tomado como universo da pesquisa.";"A amostra será representativa do eleitorado da área pesquisada e será selecionada em três etapas. Na primeira etapa realiza-se um sorteio probabilístico dos municípios onde as entrevistas serão realizadas através do método PPT (Probabilidade Proporcional ao Tamanho), considerando a população eleitora com 16 anos ou mais residente nos municípios como base para essa seleção. Na segunda etapa, faz-se um sorteio probabilístico das localidades, onde as entrevistas serão realizadas, através do método PPT (Probabilidade Proporcional ao Tamanho), tomando a população eleitora de 16 anos ou mais residente nas localidades como base para essa seleção. Na terceira etapa, a seleção do entrevistado dentro da localidade, será feita utilizando-se quotas amostrais proporcionais, em função das variáveis sexo, faixa etária, grau de instrução e Nível socioeconômico (renda mensal familiar). Por fim, os entrevistados são selecionados aleatoriamente para responder ao questionário, de acordo com cotas: 

SEXO:  FEMININO	51,92%	;
MASCULINO	48,08%	;


Faixa Etária: 
16 a 24 anos	17,65%	;
25 a 34 anos	20,61%	;
35 a 44 anos	20,46%	;
45 a 59 anos	22,77%	;
60 anos ou mais	18,51%	;

 Grau de instrução: 
ANALFABETO	7,25%	;
LÊ E ESCREVE	11,05%	;
ENSINO FUNDAMENTAL COMPLETO	5,50%	;
ENSINO FUNDAMENTAL INCOMPLETO	20,50%	;
ENSINO MÉDIO COMPLETO	26,84%	;
ENSINO MÉDIO INCOMPLETO	19,59%	;
SUPERIOR COMPLETO	6,06%	;
SUPERIOR INCOMPLETO	3,21%	;

Nível econômico (renda mensal familiar):   Até 1/2 salário mínimo	13,71%	;
Mais de 1/2 a 1 salário mínimo	21,95%	;
Mais de 1 a 2 salários mínimos	27,15%	;
Mais de 2 a 5 salários mínimos	20,82%	;
Mais de 5 a 10 salários mínimos	5,56%	;
Mais de 10 a 20 salários mínimos	1,99%	;
Mais de 20 salários mínimos	0,85%	;
Sem rendimento	7,97%	;

Fonte pública dos dados IBGE IBGE | Cidades@ | Maranhão | Pesquisa | Censo 2010 | Universo - Características da população e dos domicílios; https://cidades.ibge.gov.br/brasil/ma/pesquisa/23/24304?detalhes=true; (TSE/JUNHO2026):  
https://sig.tse.jus.br/ords/dwapr/r/seai/sig-eleitor-eleitorado-mensal/cruzamento-eleitorado-mensal?p24_metricas=E&p24_back=22&p24_cruzamento_1=ds_sexo&clear=24&session=108492167907142;  

https://sig.tse.jus.br/ords/dwapr/r/seai/sig-eleitor-eleitorado-mensal/cruzamento-eleitorado-mensal?p24_cruzamento_1=ds_faixa_etaria&p24_metricas=E&p24_back=22&clear=24&session=108492167907142;  
https://sig.tse.jus.br/ords/dwapr/r/seai/sig-eleitor-eleitorado-mensal/cruzamento-eleitorado-mensal?p24_cruzamento_1=ds_grau_instrucao&p24_metricas=E&p24_back=22&clear=24&session=108492167907142;  

; Ano=2026; Mês = JUNHO; UF= MA; Observação: Conforme informações disponibilizadas pelo Instituto Brasileiro de Geografia e Estatística (IBGE), não houve nem há previsão de divulgação do perfil econômico (nível econômico) da população brasileira no âmbito do Censo Demográfico de 2022 (https://censo2022.ibge.gov.br/panorama/), para essa variável será adotado o fator de ponderação igual a 1, correspondente aos resultados obtidos em campo, caso seja verificada diferença superior à margem de erro prevista no estudo entre a projeção da amostra baseada nos dados do IBGE 2010 e os dados efetivamente coletados. Para as variáveis de sexo, idade e grau de instrução, está previsto uma eventual ponderação, nos limites da margem de erro, para correção nos tamanhos das variáveis, caso ocorra uma diferença entre a previsão da amostra e a coleta dos dados realizados sobre a faixa de eleitores acima de 16 anos. Margem de Erro: A margem de erro máxima prevista é de 2,3 pontos percentuais para mais ou para menos, considerando um nível de confiança de 95%.";"Os entrevistadores envolvidos na realização desta pesquisa são treinados pelo Instituto e recebem instruções específicas para cada projeto realizado.  Os pesquisadores são supervisionados por um coordenador que estará em campo juntamente com a equipe garantindo a lisura da pesquisa. Internamente, todo o material é verificado e codificado. Antes do processamento final e emissão dos resultados, realiza-se processo de consistência dos dados. Os dados coletados e tratados nesta pesquisa atendem às exigências da LGPD, Lei Geral de Proteção de Dados, garantindo ao respondente o sigilo de sua identidade e o correto tratamento de suas respostas.";"#NULO#"
"01/09/2026";"05:46:44";2026;81;"Eleições Gerais 2026";"MA";"MA";"MARANHÃO";"MA076872026";"2026-08-03 17:03:41";"N";"10320449000190";"M D C LEMOS LTDA";"INOP PREVISAO PESQUISAS SERVICOS E PUBLICIDADES";"Governador, Senador, Deputado Federal, Deputado Estadual";"2026-07-28 00:00:00";"2026-08-05 00:00:00";"2026-08-09 00:00:00";2660;"8747";"VITOR EMMANUEL BOUCAS DA SILVA";"48000,00";"A pesquisa sendo realizada em âmbito estadual, abrangendo eleitores residentes nas zonas urbana e 
rural dos municípios do Estado do Maranhão, por meio de entrevistas presenciais, conduzidas tanto 
em domicílios quanto em pontos de fluxo populacional (tais como vias públicas, áreas comerciais, 
terminais de transporte, praças e locais de grande circulação), relacionando-as aos bairros ou 
povoados de moradia, mediante aplicação de questionário estruturado com perguntas abertas e 
fechadas. As entrevistas são realizadas por equipe de entrevistadores previamente treinada e 
identificada, observando-se critérios de elegibilidade do respondente, quais sejam: ter 16 anos ou 
mais, residir no Estado do Maranhão e possuir título eleitoral válido, estando, portanto, apto a votar. ";"O desenho amostral adotado é do tipo misto com uso de conglomerados em dois estágios e 
estratificado. No primeiro estágio, os municípios do estado são estratificados por regiões 
geográficas (Norte, Sul, Leste, Oeste, Central e Grande Ilha), com alocação proporcional ao 
tamanho do eleitorado, conforme dados mais recentes do Tribunal Superior Eleitoral (TSE). Dentro 
de cada estrato, são sorteados municípios auto representativos e não auto representativos, estes 
últimos selecionados com probabilidade proporcional ao tamanho (PPT). 
No segundo estágio, dentro dos municípios sorteados, são definidos conglomerados de coleta, 
compreendendo bairros ou áreas de grande circulação (pontos de fluxo), selecionados de forma 
aleatória ou sistemática. Nesses conglomerados, os entrevistadores realizam abordagens presenciais 
de eleitores, tanto em domicílios quanto em pontos de fluxo previamente definidos. A seleção do 
respondente respeita regras objetivas de abordagem (por exemplo, intervalo fixo de domicílios ou 
abordagem do próximo transeunte elegível). Após a finalização do trabalho de campo, os dados 
coletados são comparados aos quantitativos populacionais e se necessário submetidos a 
procedimento de ponderação estatística (pós-estratificação), com o objetivo de ajustar a amostra às 
distribuições conhecidas do eleitorado estadual segundo sexo, faixa etária, escolaridade e renda 
familiar, com base nas informações oficiais do Tribunal Superior Eleitoral (TSE-2026) e do 
Instituto Brasileiro de Geografia e Estatística (IBGE-2022). Esse procedimento visa corrigir 
eventuais desequilíbrios amostrais decorrentes do uso combinado de entrevistas domiciliares e em 
pontos de fluxo, assegurando a representatividade dos resultados em relação ao universo 
pesquisado. 
GÊNERO: Masculino (47,93%); Feminino (52,07%); 
GÊNERO e FAIXA ETÁRIA: Feminino 16 a 24 anos (16,29%); 25 a 29 anos (10,86%); 30 a 49 
anos (40,10%); 50 anos ou mais (32,74%); Masculino 16 a 24 anos (17,43%); 25 a 29 anos 
(10,94%); 30 a 49 anos (39,94%); 50 anos ou mais (31,69%) 
GÊNERO e GRAU DE INSTRUÇÃO: Feminino Até a 4°série do Ensino Fundamental (35,47%); 
5° a 8° série do Ensino Fundamental (23,56%); Ensino Médio (29,60%); Ensino Superior (11,37%) 
Masculino Até a 4°série do Ensino Fundamental (43,57%); 5°a 8° série do Ensino Fundamental 
(25,29%); Ensino Médio (24,07%); Ensino Superior (7,07%) 
RENDA MENSAL INDIVIDUAL: Até 1 salário 73%; Mais de 1 a 2 salários 20%; Mais de 2 
salários 7%. 
O nível de confiança estimado é de 95% e a margem de erro máxima é de 2,98%. FONTE DOS 
DADOS: IBGE 2022 | TSE 2026 
Número de questionários aplicados, margem de erro e nível de confiança; 
A pesquisa realizada com 2660 entrevistas. O tamanho da amostra foi dimensionado para garantir 
estimativas com nível de confiança de 95% e erro amostral máximo de aproximadamente 2,98 
pontos percentuais, considerando agora a natureza multicategórica da pergunta de intenção de voto. 
Assim, para cada percentual estimado individualmente, pode-se afirmar que, com 95% de 
confiança, o valor real na população pode diferir do valor observado na amostra em até 
aproximadamente 2,98 pontos percentuais.";"O controle da qualidade da coleta de dados é realizado por meio de procedimentos contínuos de 
supervisão e auditoria interna, aplicados em todas as etapas do trabalho de campo. Todos os 
questionários passam por conferência técnica obrigatória, destinada à verificação de consistência, 
completude das respostas e adequação ao plano amostral previamente definido. 
Adicionalmente, é realizada verificação independente em, no mínimo, 20% das entrevistas, 
selecionadas de forma aleatória, por meio de recontato telefônico ou visita de retorno ao domicílio, 
conforme a natureza da entrevista originalmente realizada. Esse procedimento tem por finalidade 
confirmar a realização da entrevista, a elegibilidade do respondente e a fidelidade das informações 
registradas. 
Para a execução da pesquisa, é mobilizada uma equipe composta por entrevistadores de campo, 
supervisores regionais e coordenação geral, todos previamente treinados quanto aos procedimentos 
metodológicos, éticos e operacionais do levantamento. Os supervisores realizam acompanhamento 
direto e indireto das equipes, incluindo observação em campo, checagem de rotas e validação diária 
dos questionários coletados. 
A coordenação geral é responsável pela consolidação das informações, pelo monitoramento do 
cumprimento do plano amostral e pela adoção de medidas corretivas sempre que identificadas 
inconsistências ou desvios nos procedimentos de coleta.";"#NULO#"
"01/09/2026";"05:46:44";2026;81;"Eleições Gerais 2026";"MA";"MA";"MARANHÃO";"MA063072026";"2026-05-26 13:49:29";"S";"55536013000171";"M R BORGES PROMOCOES";"VOX BRASIL PUBLICIDADE MARKETING";"Governador, Senador";"2026-05-27 00:00:00";"2026-05-30 00:00:00";"2026-06-01 00:00:00";1050;"10394";"FILIPI MOREIRA MARTINE";"11000,00";"Metodologia de pesquisa:
Pesquisa quantitativa com coleta aleatória via questionário estruturado e pós-estratificação da
amostra de acordo com as características do eleitorado nos municípios do Estado do Maranhão
com total de 1050 entrevistados.
";"Plano amostral e ponderação quanto a sexo, idade, grau de instrução e nível econômico
do entrevistado; intervalo de confiança e margem de erro:
Amostra aleatória pós-estratificada com quotas proporcionais, representando características do
eleitorado de Maranhão: SEXO: Masculino: 48.0%; Feminino: 52.0%. FAIXA ETÁRIA: Entre 16 a
24 anos: 17.1%; Entre 25 a 34 anos: 20.8%; Entre 35 a 44 anos: 20.6%; Entre 45 a 59 anos:
22.9%; 60 ou mais: 18.6%. ESCOLARIDADE: Ensino Fundamental completo ou incompleto e
eleitores sem educação formal: 41.3%; Ensino Médio completo ou incompleto: 42.1%; Ensino
Superior completo ou incompleto: 16.6%. NÍVEL ECONÔMICO: Renda familiar mensal até
R$2000: 38.0%; Mais de R$2.000 a R$3.000: 23.4%; Mais de R$3.000 a R$5.000: 21.6%; Mais
de R$5.000 a R$10.000: 12.1%; Mais de R$10.000: 4.9%. OBS.: devido ao arredondamento, a
soma dos percentuais pode variar de 99% a 101%. Para cada variável de ponderação, serão
admissíveis desvios de até 3.0 pontos percentuais em relação às quotas estipuladas. Confiança
estimada: 95%, margem de erro: +/- 3.0 pontos percentuais. FONTE DOS DADOS: PNADC
2024 no quesito escolaridade e nível econômico e via TSE 2026 para sexo e faixa etária.";"Sistema interno de controle e verificação, conferência e fiscalização da coleta de dados e
do trabalho de campo:
Coleta feita com a utilização de questionário com procedimentos específicos e armazenamento
dos dados. São checados manualmente no mínimo até o limite de 20% dos questionários para
detecção de possíveis desvios de informação. Nossos Coordenadores especialistas realizam
internamente uma verificação da consistência dos dados antes da divulgação dos resultados
finais";"Dados relativos aos municípios e bairros abrangidos pela pesquisa. Na ausência de
delimitação do bairro, será identificada a área em que foi realizada a pesquisa (conforme §7º. do
art. 2º. da Resolução-TSE nº. 23.600/2019, A partir do dia em que a pesquisa for divulgada e até
o dia seguinte, o registro deverá ser complementado, sob pena de ser a pesquisa considerada
não registrada; na ausência de delimitação do bairro, será identificada a área em que foi
realizada."
"01/09/2026";"05:46:44";2026;81;"Eleições Gerais 2026";"MA";"MA";"MARANHÃO";"MA059742026";"2026-08-31 22:47:22";"N";"64500153000180";"LAIS CRISTINA RODRIGUES DE OLIVEIRA LTDA";"IPSENSUS PESQUISAS";"Governador, Senador";"2026-09-01 00:00:00";"2026-09-05 00:00:00";"2026-09-06 00:00:00";350;"7655";"AUGUSTO DA SILVA ROCHA";"4000,00";"A pesquisa cobrirá o município envolvendo todas regiões do município de São Bernanrdo/MA Universo da pesquisa será dos eleitores com 16 anos ou mais. A amostra representará os eleitores do Município, selecionados em 2(dois) estágios. No primeiro estágio, os setores censitários, onde as entrevistas serão realizadas, foram selecionadas, probabilisticamente, através do método PPT - Probabilidade Proporcional ao Tamanho, tomando o número de eleitores como base para seleção. No segundo estágio, a seleção do entrevistado, dentro do setor censitário, será feita utilizando-se quotas proporcionais, e a abordagem será domiciliar.";"Utilizamos quotas proporcionais, em função das seguintes variáveis:
Gênero: FEMININO 51,30%; MASCULINO 48,70%
; Faixa etária: ; Grau de instrução: 16 a 24 anos 19,04% ;
25 a 34 anos 20,47% ;
35 a 44 anos 20,14% ;
45 a 59 anos 22,25% ;
60 anos ou mais 18,10% ;
Grau de instrução: ANALFABETO 8,28% ;
ENSINO FUNDAMENTAL COMPLETO 3,84% ;
ENSINO FUNDAMENTAL INCOMPLETO 20,59% ;
ENSINO MÉDIO COMPLETO 21,61% ;
ENSINO MÉDIO INCOMPLETO 24,72% ;
LÊ E ESCREVE 14,53% ;
SUPERIOR COMPLETO 4,17% ;
SUPERIOR INCOMPLETO 2,26% ;

Fonte dos dados: TSE-Tribunal Superior Eleitoral/julho2026; Cruzamento Eleitorado Mensal https://sig.tse.jus.br/ords/dwapr/r/seai/sig-eleitor-eleitorado-mensal/cruzamento-eleitorado-mensal?p24_metricas=E&p24_back=22&p24_cruzamento_1=ds_sexo&clear=24&session=10939350749154 ;
https://sig.tse.jus.br/ords/dwapr/r/seai/sig-eleitor-eleitorado-mensal/cruzamento-eleitorado-mensal?p24_cruzamento_1=ds_faixa_etaria&p24_metricas=E&p24_back=22&clear=24&session=10939350749154 ;
https://sig.tse.jus.br/ords/dwapr/r/seai/sig-eleitor-eleitorado-mensal/cruzamento-eleitorado-mensal?p24_cruzamento_1=ds_grau_instrucao&p24_metricas=E&p24_back=22&clear=24&session=10939350749154 ;
; Ano=2026; Mês = JULHO; UF= MA; MUNICIPIO = São Bernardo; Renda familiar: Até 1/2 salário mínimo 19,31% ;
Mais de 1/2 a 1 salário mínimo 23,17% ;
Mais de 1 a 2 salários mínimos 28,02% ;
Mais de 2 a 5 salários mínimos 15,60% ;
Mais de 5 a 10 salários mínimos 2,42% ;
Mais de 10 a 20 salários mínimos 0,65% ;
Mais de 20 salários mínimos 0,18% ;
Sem rendimento 10,65% ;
; Fonte dos dados: IBGE-Censo 2010-IBGE-CENSO 2022 (IBGE/Censo 2010 - Classe de rendimento nominal mensal domiciliar) ; https://cidades.ibge.gov.br/brasil/ma/sao-bernardo/pesquisa/23/24304 ;
""Está prevista eventual ponderação da amostra para correção das variáveis sexo, idade, renda familiar e escolaridade com base nos percentuais anteriormente mencionados, caso ocorram diferenças entre os percentuais previstos na amostra e a coleta de dados realizada. O nível de confiança estimado é de 95% e a margem de erro máxima prevista, baseada em uma amostra aleatória simples (AAS), é de cerca de 5,2 pontos percentuais para mais ou para menos em relação aos totais da amostra. Nível Econômico: IBGE (Censo/2010) - Observação: Conforme informações obtidas do Instituto Brasileiro de Geografia e Estatística, o IBGE, não divulgou - e não tem previsão - de data para divulgação do perfil econômico (nível econômico) da população brasileira; portanto, os dados quanto ao nível econômico obtidos no Censo 2022, não podem ser utilizados, pois não foram publicados.""


























";"Para a realização da pesquisa, utiliza-se uma equipe de entrevistadores e supervisores credenciados devidamente treinados pela empresa para esse tipo de pesquisa. Após os trabalhos de campo, 100% dos questionários são criticados e passam por uma fiscalização de cerca de 20% (vinte por cento) dos questionários aplicados por cada entrevistador; para verificação da consistência das respostas e da adequação dos entrevistados aos parâmetros amostrais.";"#NULO#"
"01/09/2026";"05:46:44";2026;81;"Eleições Gerais 2026";"MA";"MA";"MARANHÃO";"MA049252026";"2026-08-31 22:35:04";"N";"64500153000180";"LAIS CRISTINA RODRIGUES DE OLIVEIRA LTDA";"IPSENSUS PESQUISAS";"Governador, Senador";"2026-09-01 00:00:00";"2026-09-05 00:00:00";"2026-09-06 00:00:00";350;"7655";"AUGUSTO DA SILVA ROCHA";"4000,00";"A pesquisa cobrirá o município envolvendo todas regiões do município de Bacabal/MA Universo da pesquisa será dos eleitores com 16 anos ou mais. A amostra representará os eleitores do Município, selecionados em 2(dois) estágios. No primeiro estágio, os setores censitários, onde as entrevistas serão realizadas, foram selecionadas, probabilisticamente, através do método PPT - Probabilidade Proporcional ao Tamanho, tomando o número de eleitores como base para seleção. No segundo estágio, a seleção do entrevistado, dentro do setor censitário, será feita utilizando-se quotas proporcionais, e a abordagem será domiciliar.";"Utilizamos quotas proporcionais, em função das seguintes variáveis:
Gênero: ; FEMININO 53,9%;
MASCULINO 46,1%;


Faixa etária: ; 16 a 24 anos 17,12% ;
25 a 34 anos 19,92% ;
35 a 44 anos 19,98% ;
45 a 59 anos 23,51% ;
60 anos ou mais 19,47% ;


Grau de instrução: ANALFABETO 6,35% ;
ENSINO FUNDAMENTAL COMPLETO 5,90% ;
ENSINO FUNDAMENTAL INCOMPLETO 18,58% ;
ENSINO MÉDIO COMPLETO 27,28% ;
ENSINO MÉDIO INCOMPLETO 20,74% ;
LÊ E ESCREVE 10,36% ;
SUPERIOR COMPLETO 6,39% ;
SUPERIOR INCOMPLETO 4,40% ;


Fonte dos dados: TSE-Tribunal Superior Eleitoral/julho2026; Cruzamento Eleitorado Mensal https://sig.tse.jus.br/ords/dwapr/r/seai/sig-eleitor-eleitorado-mensal/cruzamento-eleitorado-mensal?p24_metricas=E&p24_back=22&p24_cruzamento_1=ds_sexo&clear=24&session=10939350749154 ;
https://sig.tse.jus.br/ords/dwapr/r/seai/sig-eleitor-eleitorado-mensal/cruzamento-eleitorado-mensal?p24_cruzamento_1=ds_faixa_etaria&p24_metricas=E&p24_back=22&clear=24&session=10939350749154 ;
https://sig.tse.jus.br/ords/dwapr/r/seai/sig-eleitor-eleitorado-mensal/cruzamento-eleitorado-mensal?p24_cruzamento_1=ds_grau_instrucao&p24_metricas=E&p24_back=22&clear=24&session=10939350749154 ;
;

Ano=2026; Mês = JULHO; UF= MA; MUNICIPIO = Bacabal; Renda familiar: Até 1/2 salário mínimo 9,73% ;
Mais de 1/2 a 1 salário mínimo 24,83% ;
Mais de 1 a 2 salários mínimos 30,38% ;
Mais de 2 a 5 salários mínimos 23,71% ;
Mais de 5 a 10 salários mínimos 5,59% ;
Mais de 10 a 20 salários mínimos 1,67% ;
Mais de 20 salários mínimos 0,58% ;
Sem rendimento 3,51% ;
;

Fonte dos dados: IBGE-Censo 2010-IBGE-CENSO 2022 (IBGE/Censo 2010 - Classe de rendimento nominal mensal domiciliar) ; https://cidades.ibge.gov.br/brasil/ma/bacabal/pesquisa/23/24304 ;


""Está prevista eventual ponderação da amostra para correção das variáveis sexo, idade, renda familiar e escolaridade com base nos percentuais anteriormente mencionados, caso ocorram diferenças entre os percentuais previstos na amostra e a coleta de dados realizada. O nível de confiança estimado é de 95% e a margem de erro máxima prevista, baseada em uma amostra aleatória simples (AAS), é de cerca de 5,2 pontos percentuais para mais ou para menos em relação aos totais da amostra. Nível Econômico: IBGE (Censo/2010) - Observação: Conforme informações obtidas do Instituto Brasileiro de Geografia e Estatística, o IBGE, não divulgou - e não tem previsão - de data para divulgação do perfil econômico (nível econômico) da população brasileira; portanto, os dados quanto ao nível econômico obtidos no Censo 2022, não podem ser utilizados, pois não foram publicados.""";"Para a realização da pesquisa, utiliza-se uma equipe de entrevistadores e supervisores credenciados devidamente treinados pela empresa para esse tipo de pesquisa. Após os trabalhos de campo, 100% dos questionários são criticados e passam por uma fiscalização de cerca de 20% (vinte por cento) dos questionários aplicados por cada entrevistador; para verificação da consistência das respostas e da adequação dos entrevistados aos parâmetros amostrais.";"#NULO#"
"01/09/2026";"05:46:44";2026;81;"Eleições Gerais 2026";"MA";"MA";"MARANHÃO";"MA098852026";"2026-07-07 23:13:05";"N";"47425567000173";"IPPI PESQUISAS E CONSULTORIA LTDA";"IPPI - PESQUISAS E CONSULTORIAS";"Governador, Senador, Deputado Federal, Deputado Estadual";"2026-07-08 00:00:00";"2026-07-12 00:00:00";"2026-07-13 00:00:00";1500;"10233";"Israel Oliveira da Costa Sousa";"60000,00";"Pesquisa quantitativa, de survey, que consiste na realização de entrevistas pessoais, domiciliares e presenciais, com a aplicação de questionários estruturados a uma amostra representativa da população votante de 16 anos ou mais residente no estado do Maranhão.";"O público pesquisado é composto por eleitores de 16 anos ou mais residentes na área de abrangência da pesquisa. Para produzir uma amostra representativa desse público-alvo, utilizamos um desenho amostral por conglomerados que prevê três estágios. No primeiro estágio, é feito um sorteio probabilístico de municípios para comporem a amostra por meio do método PPT (Probabilidade Proporcional ao Tamanho) a partir de suas populações votantes acima de 16 anos. Dentro da lista de municípios sorteados, no segundo estágio, é realizado um sorteio probabilístico por meio do método PPT (Probabilidade Proporcional ao Tamanho) de setores censitários a serem visitados pelos entrevistadores, sorteio que tem como base o total de habitantes residentes nos setores de acordo com dados do Censo de 2022. Por último são selecionados domicílios e pessoas a serem entrevistadas utilizando- se cotas amostrais para as seguintes variáveis: sexo, idade, renda familiar e escolaridade. O perfil da amostra, definido pelas cotas previstas, é o seguinte: Sexo: Masculino (48%); Feminino (52%). Faixa etária: 16-24 anos (17%); 25-34 anos (21%); 35-44 anos (21%);45-59 anos (23%); 60 ou mais (18%). Renda domiciliar total: Até 2 salários-mínimos (54%); Mais de 2 a 5 salários-mínimos (36%); Mais de 5 salários-mínimos (10%). Nível de instrução: De analfabeto até Fundamental completo (45%); Médio incompleto ou completo (46%); Superior incompleto ou completo ou mais (9%). Fonte dos dados:TSE-Tribunal Superior Eleitoral - maio/2026; Censo 2022 (IBGE); PNADc Anual 2024, Está prevista eventual ponderação da amostra, para correção de estimativas e das distribuições das variáveis sexo e idade, com base nos percentuais anteriormente mencionados, caso ocorram diferenças entre os percentuais previstos na amostra e a coleta de dados realizada. Dentro do público-alvo anteriormente descrito, serão realizadas 1500 entrevistas. O nível de confiança das estimativas é de 95% e a margem de erro máxima prevista, e usando o cálculo para amostra aleatória simples (AAS) como aproximação, é de cerca de 2,5 pontos percentuais para mais ou para menos em relação aos totais da amostra.";"As entrevistas serão realizadas por uma equipe de entrevistadores devidamente qualificada, com experiência e treinamento em pesquisa de opinião pública. Após a realização da coleta de dados, as entrevistas junto aos respondentes são checadas por meio de procedimentos de consistência . Ao longo e após os trabalhos de campo, é realizada uma fiscalização que consiste na checagem de áudio de uma amostra de 30% dos questionários aplicados para verificação das respostas e da adequação dos entrevistados aos parâmetros amostrais.";"A área de abrangência da coleta é o território do estado do Maranhão. A relação do número de pessoas pesquisadas nas áreas de aplicação da pesquisa, discriminadas por município, bairros e setores censitários a partir dos identificadores utilizados pelo IBGE, além da composição do eleitorado entrevistado na área de abrangência quanto a gênero, idade, grau de instrução e nível econômico, constará em anexo."
"01/09/2026";"05:46:44";2026;81;"Eleições Gerais 2026";"MA";"MA";"MARANHÃO";"MA098462026";"2026-05-08 19:42:24";"S";"19259002000128";"ATLASINTEL TECNOLOGIA DE DADOS LTDA";"ATLASINTEL";"Governador, Senador";"2026-05-08 00:00:00";"2026-05-13 00:00:00";"2026-05-14 00:00:00";1200;"11220";"ANDREI CAMILO DOS SANTOS";"75000,00";"Pesquisa quantitativa com coleta aleatória via questionário estruturado web e pós-estratificação da amostra de acordo com as características do eleitorado de Maranhão.

";"Amostra aleatória pós-estratificada via algoritmo iterativo com quotas proporcionais, representando características do eleitorado de Maranhão: SEXO: Masculino: 48.0%; Feminino: 52.0%. FAIXA ETÁRIA: Entre 16 a 24 anos: 17.1%; Entre 25 a 34 anos: 20.8%; Entre 35 a 44 anos: 20.6%; Entre 45 a 59 anos: 22.9%; 60 ou mais: 18.6%. ESCOLARIDADE: Ensino Fundamental completo ou incompleto e eleitores sem educação formal: 41.3%; Ensino Médio completo ou incompleto: 42.1%; Ensino Superior completo ou incompleto: 16.6%. NÍVEL ECONÔMICO: Renda familiar mensal até R$2000: 38.0%; Mais de R$2.000 a R$3.000: 23.4%; Mais de R$3.000 a R$5.000: 21.6%; Mais de R$5.000 a R$10.000: 12.1%; Mais de R$10.000: 4.9%. OBS.: devido ao arredondamento, a soma dos percentuais pode variar de 99% a 101%. Na agregação final, para cada variável de ponderação, serão admissíveis desvios de até 3.0 pontos percentuais em relação às quotas estipuladas. Confiança estimada: 95%, margem de erro: +/- 3.0 pontos percentuais. FONTE DOS DADOS: PNADC 2024 para escolaridade e nível econômico | TSE 2026 para sexo e faixa etária.

";"Coleta feita com a utilização de questionário eletrônico com procedimentos específicos para o armazenamento seguro dos dados. São checados manualmente no mínimo 15% dos questionários para detectar possíveis anomalias. Pesquisadores especializados realizam internamente uma verificação exaustiva da consistência dos dados antes da divulgação dos resultados finais.";"#NULO#"
"01/09/2026";"05:46:44";2026;81;"Eleições Gerais 2026";"MA";"MA";"MARANHÃO";"MA025612026";"2026-01-20 15:48:36";"N";"10320449000190";"M D C LEMOS LTDA";"INOP PREVISAO PESQUISAS SERVICOS E PUBLICIDADES";"Governador, Senador";"2026-01-18 00:00:00";"2026-01-28 00:00:00";"2026-01-26 00:00:00";2502;"8747 5ª REGIÃO ";"VITOR EMMANUEL BOUÇAS DA SILVA";"38000,00";"A pesquisa é realizada em âmbito estadual, abrangendo eleitores residentes nas zonas urbana e rural dos municípios do Estado do Maranhão, por meio de entrevistas presenciais, conduzidas tanto em domicílios quanto em pontos de fluxo populacional (tais como vias públicas, áreas comerciais, terminais de transporte, praças e locais de grande circulação), relacionando-as aos bairros ou povoados de moradia, mediante aplicação de questionário estruturado com perguntas abertas e fechadas.
As entrevistas são realizadas por equipe de entrevistadores previamente treinada e identificada, observando-se critérios de elegibilidade do respondente, quais sejam: ter 16 anos ou mais, residir no Estado do Maranhão e possuir título eleitoral válido, estando, portanto, apto a votar. A condição do entrevistado é verificada no momento da abordagem, não sendo questionada a intenção de comparecimento às urnas, por não constituir critério de elegibilidade para a participação na pesquisa.
";"O desenho amostral adotado é do tipo amostragem por conglomerados em dois estágios, sem aplicação de cotas durante a coleta. No primeiro estágio, os municípios do estado são estratificados por regiões geográficas (Norte, Sul, Leste, Oeste, Central e Grande Ilha), com alocação proporcional ao tamanho do eleitorado, conforme dados mais recentes do Tribunal Superior Eleitoral (TSE). Dentro de cada estrato, são sorteados municípios auto representativos e não auto representativos, estes últimos selecionados com probabilidade proporcional ao tamanho (PPT).
No segundo estágio, dentro dos municípios sorteados, são definidos conglomerados de coleta, compreendendo bairros ou áreas de grande circulação (pontos de fluxo), selecionados de forma aleatória ou sistemática. Nesses conglomerados, os entrevistadores realizam abordagens presenciais de eleitores, tanto em domicílios quanto em pontos de fluxo previamente definidos. A seleção do respondente respeita regras objetivas de abordagem (por exemplo, intervalo fixo de domicílios ou abordagem do próximo transeunte elegível), sem preenchimento de cotas durante o campo. Após a finalização do trabalho de campo, os dados coletados são comparados aos quantitativos populacionais e se necessário submetidos a procedimento de ponderação estatística (pós-estratificação), com o objetivo de ajustar a amostra às distribuições conhecidas do eleitorado estadual segundo sexo, faixa etária, escolaridade, renda familiar e religião do entrevistado, com base nas informações oficiais do Tribunal Superior Eleitoral (TSE-2026) e do Instituto Brasileiro de Geografia e Estatística (IBGE-2022). Esse procedimento visa corrigir eventuais desequilíbrios amostrais decorrentes do uso combinado de entrevistas domiciliares e em pontos de fluxo, assegurando a representatividade dos resultados em relação ao universo pesquisado.


GÊNERO: Masculino (47,99%); Feminino (52,01%);

GÊNERO e FAIXA ETÁRIA: Feminino 16 a 24 anos (18,99%); 25 a 29 anos (12,41%); 30 a 49 anos (40,68%); 50 anos ou mais (27,92%); Masculino 16 a 24 anos (17,42%); 25 a 29 anos (10,60%); 30 a 49 anos (39,39%); 50 anos ou mais (32,60%)
GÊNERO e GRAU DE INSTRUÇÃO: Feminino Até a 4°série do Ensino Fundamental (26,24%); 5° a 8° série do Ensino Fundamental (14,93%); Ensino Médio (47,48%); Ensino Superior (11,35%)
Masculino Até a 4°série do Ensino Fundamental (32,48%); 5° a 8° série do Ensino Fundamental (17,24%); Ensino Médio (43,21%); Ensino Superior (7,07%)


RENDA MENSAL INDIVIDUAL: Até 1 salário 37%; Mais de 1 a 2 salários 27%; Mais de 2 salários 36%. 

RELIGIÃO: Católica (63%), Evangélica (26%), Outras (4%), Sem religião (7%)

O nível de confiança estimado é de 95% e a margem de erro máxima é de 2%. FONTE DOS DADOS: IBGE 2022 | TSE 2026

Número de questionários aplicados, margem de erro e nível de confiança;

Serão realizadas 2502 entrevistas, com a margem de erro máxima de 2% para mais ou menos, e com um nível de confiança de 95%. Logo, afirma-se que, com 95% de certeza, os valores estimados distam no máximo 2 pontos percentuais dos valores reais.
";"O controle da qualidade da coleta de dados é realizado por meio de procedimentos contínuos de supervisão e auditoria interna, aplicados em todas as etapas do trabalho de campo. Todos os questionários passam por conferência técnica obrigatória, destinada à verificação de consistência, completude das respostas e adequação ao plano amostral previamente definido.
Adicionalmente, é realizada verificação independente em, no mínimo, 20% das entrevistas, selecionadas de forma aleatória, por meio de recontato telefônico ou visita de retorno ao domicílio, conforme a natureza da entrevista originalmente realizada. Esse procedimento tem por finalidade confirmar a realização da entrevista, a elegibilidade do respondente e a fidelidade das informações registradas.
Para a execução da pesquisa, é mobilizada uma equipe composta por entrevistadores de campo, supervisores regionais e coordenação geral, todos previamente treinados quanto aos procedimentos metodológicos, éticos e operacionais do levantamento. Os supervisores realizam acompanhamento direto e indireto das equipes, incluindo observação em campo, checagem de rotas e validação diária dos questionários coletados.
A coordenação geral é responsável pela consolidação das informações, pelo monitoramento do cumprimento do plano amostral e pela adoção de medidas corretivas sempre que identificadas inconsistências ou desvios nos procedimentos de coleta.

";"LOCALIDADE TOTAL
Açailândia 68
Água Doce do Maranhão 12
Aldeias Altas 16
Alto Alegre do Pindaré 20
Anapurus 14
Araioses 30
Arame 19
Axixá 14
Bacabal 65
Balsas 60
Barra do Corda 49
Barreirinhas 48
Boa Vista do Gurupi 09
Bom Lugar 14
Buriticupu 38
Cachoeira Grande 12
Campestre do Maranhão 12
Capinzal do Norte 12
Caxias 96
Cidelândia 12
Chapadinha 53
Codó 68
Colinas 30
Coroatá 40
Dom Pedro 20
Fortaleza dos Nogueiras 14
Fortuna 12
Gonçalves Dias 16
Governador Luiz Rocha 12
Grajaú 48
Imperatriz 170
Itapecuru - Mirim 40
Jatobá 13
Lagoa do Mato 14
Lago Verde 14
Magalhães de Almeida 14
Mirador 19
Mirinzal 12
Olho Dágua das Cunhães 14
Paço do Lumiar 76
Paulino Neves 16
Passagem Franca 18
Pedreiras 26
Pinheiro 56
Pio XII 18
Presidente Dutra 34
Presidente Juscelino 14
Rosário 32
Santa Inês 59
Santa Luzia 40
São Domingos do Maranhão 30
São José de Ribamar 101
São Luis 513
Sítio Novo do Maranhão 16
Timon 99
Tutóia 41
Viana 38
Zé Doca 32
MÉDIA GERAL 2502"
"01/09/2026";"05:46:44";2026;81;"Eleições Gerais 2026";"MA";"MA";"MARANHÃO";"MA064902026";"2026-08-26 13:56:52";"N";"47332876000107";"INSTITUTO AFERIR DF LTDA";"INSTITUTO AFERIR";"Governador, Senador, Deputado Federal, Deputado Estadual";"2026-08-29 00:00:00";"2026-08-31 00:00:00";"2026-09-01 00:00:00";1200;"11594";"Andre Felipe Benigno dos Santos";"90000,00";"Pesquisa com metodologia quantitativa, com a realização de entrevistas pessoais/domiciliares utilizando questionário estruturado junto a uma amostra representativa do eleitorado do estado do Maranhão.

Plano amostral e ponderação quanto a sexo, idade, grau de instrução e nível econômico do entrevistado; intervalo de confiança e margem de erro:
""A amostra será representativa dos eleitores das áreas pesquisadas e será selecionada em duas etapas. Na primeira etapa realiza-se um sorteio probabilístico das localidades onde as entrevistas serão realizadas através do método PPT (Probabilidade Proporcional ao Tamanho), considerando a população com 16 anos ou mais residente nas localidades como base para essa seleção. Na segunda etapa, a seleção do entrevistado dentro da localidade será feita utilizando-se quotas amostrais proporcionais, em função das seguintes variáveis: 
";"GÊNERO: TSE Julho 2026 
(https://sig.tse.jus.br/ords/dwapr/r/seai/sig-eleitor-eleitorado-mensal/cruzamento-eleitorado-mensal?p24_cruzamento_1=ds_faixa_etaria&p24_metricas=E&p24_back=22&clear=24&session=210749544714775)

FEMININO	51,92%
MASCULINO	48,08%

FAIXA ETÁRIA: TSE Julho 2026
(https://sig.tse.jus.br/ords/dwapr/r/seai/sig-eleitor-eleitorado-mensal/cruzamento-eleitorado-mensal?p24_cruzamento_1=ds_faixa_etaria&p24_metricas=E&p24_back=22&clear=24&session=210749544714775)

De 16 a 24 anos	17,08%
25 a 34 anos	20,63%
35 a 44 anos	20,47%
45 a 59 anos	22,98%
60 anos ou mais	18,85%

ESCOLARIDADE: TSE Julho 2026

ANALFABETO	7,25%
LÊ E ESCREVE	5,50%
ENSINO FUNDAMENTAL	47,34%
ENSINO MÉDIO	30,64%
SUPERIOR	9,28%

RENDA DOMICILIAR MENSAL: Renda domiciliar total, incluindo pensões, benefícios e rendimentos de trabalhos informais: (https://censo2022.ibge.gov.br/panorama/) 

Até 2 salários mínimos	53%
Mais de 2 a 5 salários mínimos	36%
Mais de 5 salários mínimos	11%

Está prevista eventual ponderação para correção das variáveis gênero e faixa etária, com base nos percentuais acima apresentados, caso ocorram diferenças entre o previsto na amostra e a coleta realizada, para as variáveis escolaridade e renda domiciliar mensal, o fator de ponderação é igual a 1 (resultados obtidos no campo). O nível de confiança estimado é de 95% (noventa e cinco por cento) para uma margem de erro estimada, considerando uma técnica de amostragem aleatória simples, de aproximadamente 2,83% pontos percentuais para mais ou para menos sobre os resultados obtidos.""
";"O sistema de verificação e controle obedece(eu) às normas mais adequadas para o momento dentro de nossa realidade, ou seja, supervisão no campo de 25% (vinte e cinco por cento) dos questionários (perguntas com alternativas de forma rodizio por questionários ¿ sendo desnecessários DISCOS) aplicados, e de 100% (cem por cento) AUDITADA após o recebimento dos mesmos por via 3G/4G/5G, internet e GPS - Georreferenciamento no Escritório da Empresa, com base na grade de campo previamente estabelecida. A equipe de trabalho de campo contará com um total de 32 (trinta e dois) membros assim distribuídos: 01 (um) Supervisor, 01 (um) Coordenador, 30 (agentes) Agentes de Coleta (Pesquisadores c/ dispositivos e rádios comunicadores) inclusive isso poderá ser solicitado ao Instituto AFERIR DF.

Dados relativos as cidades abrangidas pela pesquisa. Na ausência de delimitação das cidades, poderá ser identificada a área em que foi realizada a pesquisa (conforme §7º. do art. 2º. da Resolução-TSE nº. 23.600/2019, A partir do dia em que a pesquisa puder ser divulgada e até o dia seguinte, o registro deverá ser complementado, sob pena de ser a pesquisa considerada não registrada; na ausência de delimitação das cidades, será identificada a área em que foi realizada):
""A pesquisa será realizada no estado do Maranhão, a relação dos dados relativos as cidades abrangidos pela pesquisa ou a área em que a mesma foi ou será realizada será apresentado neste momento ou até o dia seguinte à data a partir da qual a pesquisa puder ser divulgada, conforme §7º do art. 2º da Resolução-TSE nº. 23.600/2019""
";"¿	Local: Estado do Maranhão (MA)
¿	Amostras: 1.200 entrevistas
¿	Margem de Erro Estimada: ±2,83% (Intervalo de Confiança de 95%)

1. Mesorregião Norte Maranhense (Total: 456 entrevistas)
¿	São Luís: 168 entrevistas
¿	Pinheiro: 65 entrevistas
¿	Barreirinhas: 55 entrevistas
¿	São José de Ribamar: 38 entrevistas
¿	Paço do Lumiar: 30 entrevistas
¿	Itapecuru-Mirim: 30 entrevistas
¿	São Bento: 22 entrevistas
¿	Urbano Santos: 20 entrevistas
¿	Santa Helena: 18 entrevistas
¿	Cachoeira Grande: 10 entrevistas

2. Mesorregião Oeste Maranhense (Total: 216 entrevistas)
¿	Imperatriz: 72 entrevistas
¿	Açailândia: 40 entrevistas
¿	Barra do Corda: 30 entrevistas
¿	Grajaú: 24 entrevistas
¿	Centro Novo do Maranhão: 16 entrevistas
¿	Amarante do Maranhão: 16 entrevistas
¿	Porto Franco: 10 entrevistas
¿	Estreito: 8 entrevistas

3. Mesorregião Leste Maranhense (Total: 168 interviews)
¿	Timon: 58 entrevistas
¿	Caxias: 52 entrevistas
¿	Codó: 17 entrevistas
¿	Vargem Grande: 8 entrevistas
¿	Coelho Neto: 11 entrevistas
¿	Tutóia: 9 entrevistas
¿	São Bernardo: 8 entrevistas
¿	Araioses: 5 entrevistas

4. Mesorregião Centro Maranhense (Total: 180 entrevistas)
¿	Bacabal: 45 entrevistas
¿	Lago da Pedra: 25 entrevistas
¿	Bom Jardim: 24 entrevistas
¿	Santa Inês: 20 entrevistas
¿	Presidente Dutra: 15 entrevistas
¿	Tuntum: 15 entrevistas
¿	Pedreiras: 26 entrevistas
¿	São José dos Basílios: 10 entrevistas

5. Mesorregião Sul Maranhense (Total: 180 entrevistas)
¿	Balsas: 55 entrevistas
¿	Colinas: 35 entrevistas
¿	Barão de Grajaú: 25 entrevistas
¿	Pastos Bons: 25 entrevistas
¿	Carolina: 20 entrevistas
¿	Tasso Fragoso: 20 entrevistas
"
"01/09/2026";"05:46:44";2026;81;"Eleições Gerais 2026";"MA";"MA";"MARANHÃO";"MA072112026";"2026-03-12 17:01:12";"N";"22445600000104";"QUAEST PESQUISAS, CONSULTORIA E PROJETOS LTDA.";"#NULO#";"Governador, Senador";"2026-03-12 00:00:00";"2026-03-16 00:00:00";"2026-03-18 00:00:00";900;"6731";"Margarida Maria de Mendonça";"130500,00";"Pesquisa quantitativa, de survey, que consiste na realização de entrevistas pessoais, domiciliares e presenciais, conduzidas por profissionais treinados, com a aplicação de questionários estruturados a uma amostra representativa da população votante de 16 anos ou mais residente no estado do Maranhão. O desenho amostral aplicado combina sorteio probabilístico de municípios e de setores censitários fornecidos pelo IBGE (unidades territoriais homogêneas, de tamanho similar a quadras ou blocos), dentro dos quais serão selecionadas pessoas respondentes por meio de cotas amostrais.";"O público pesquisado é composto por eleitores de 16 anos ou mais residentes na área de abrangência da pesquisa. Para produzir uma amostra representativa desse público-alvo, utilizamos um desenho amostral por conglomerados que prevê três estágios. No primeiro estágio, é feito um sorteio probabilístico de municípios para comporem a amostra por meio do método PPT (Probabilidade Proporcional ao Tamanho) a partir de suas populações votantes acima de 16 anos. Dentro da lista de municípios sorteados, no segundo estágio, é realizado um sorteio probabilístico por meio do método PPT (Probabilidade Proporcional ao Tamanho) de setores censitários a serem visitados pelos entrevistadores, sorteio que tem como base o total de habitantes residentes nos setores de acordo com dados do Censo de 2022, o que garante a dispersão aleatória e estatística da amostra dentro dos territórios municipais, independentemente de divisões administrativas. Finalmente, dentro da lista de setores censitários sorteados, no último estágio são selecionados domicílios e pessoas a serem entrevistadas utilizando-se cotas amostrais para as seguintes variáveis: sexo, idade, renda familiar e escolaridade. O perfil da amostra, definido pelas cotas previstas, é o seguinte:

Sexo: Masculino (48%); Feminino (52%). 
Faixa etária: 16-34 anos (38%); 35-59 anos (44%); 60 ou mais (19%). 
Renda domiciliar total, incluindo pensões, benefícios e rendimentos de trabalhos informais: Até 2 salários-mínimos (54%); Mais de 2 a 5 salários-mínimos (36%); Mais de 5 salários-mínimos (10%). 
Nível de instrução: Até Fundamental completo ou médio incompleto (51%); Médio completo ou superior incompleto (38%); Superior completo ou mais (11%). 

Fonte dos dados: para a distribuição de sexo e idade, TSE-Tribunal Superior Eleitoral - março/2026; para a malha de setores censitários, Censo 2022 (IBGE); para a distribuição de renda domiciliar, PNADc Anual 2024, 5a visita (IBGE); e, para a distribuição de escolaridade/instrução, PNADc trimestral 3-2025 (IBGE). A PNADc é utilizada por ser a fonte oficial mais atualizada de rendimentos do país, incluindo rendimentos informais, pensões, entre outros, e corrigindo as defasagens temporais do Censo 2022, além de ser a fonte mais atualizada de nível de instrução da população com 16 anos ou mais dada ausência de atualização obrigatória da escolaridade no registro de eleitores do TSE.

Está prevista eventual pós-estratificação da amostra, por meio de algoritmos de calibração (rake) e modelos (MrP), para correção de estimativas e das distribuições das variáveis sexo, idade, renda familiar e escolaridade, com base nos percentuais anteriormente mencionados, caso ocorram diferenças entre os percentuais previstos na amostra e a coleta de dados realizada. 

Dentro do público-alvo anteriormente descrito, serão realizadas 900 entrevistas. O nível de confiança das estimativas é de 95% e a margem de erro máxima prevista, atendendo às diretivas do TSE e usando o cálculo para amostra aleatória simples (AAS) como aproximação, é de cerca de 3 pontos percentuais para mais ou para menos em relação aos totais da amostra.";"As entrevistas serão realizadas por uma equipe de entrevistadores devidamente qualificada, com experiência e treinamento em pesquisa de opinião pública. Todo trabalho é feito em tablets ou outros dispositivos eletrônicos. Após a realização da coleta de dados, as entrevistas junto aos respondentes são checadas por meio de procedimentos de consistência e de georreferenciamento dos locais de aplicação em tempo real. Adicionalmente, ao longo e após os trabalhos de campo, é realizada uma fiscalização que consiste na checagem de áudio de uma amostra de 30% dos questionários aplicados para verificação das respostas e da adequação dos entrevistados aos parâmetros amostrais.";"A área de abrangência da coleta é o território do estado do Maranhão. A relação do número de pessoas pesquisadas nas áreas de aplicação da pesquisa, discriminadas por município, bairros e setores censitários a partir dos identificadores utilizados pelo IBGE, além da composição do eleitorado entrevistado na área de abrangência quanto a gênero, idade, grau de instrução e nível econômico, constará em anexo. O mapa com os códigos destes setores censitários e as áreas que delimitam no país todo podem ser conferidos na seguinte fonte oficial: https://censo2022.ibge.gov.br/panorama/mapas.html?localidade=&recorte=setores_censitarios"
"01/09/2026";"05:46:44";2026;81;"Eleições Gerais 2026";"MA";"MA";"MARANHÃO";"MA012772026";"2026-03-05 20:18:02";"N";"10320449000190";"M D C LEMOS LTDA";"INOP PREVISAO PESQUISAS SERVICOS E PUBLICIDADES";"Governador, Senador";"2026-03-04 00:00:00";"2026-03-11 00:00:00";"2026-03-11 00:00:00";2548;"8747 5ªREGIÃO";"VITOR EMMANUEL BOUÇAS DA SILVA";"38000,00";"A pesquisa é realizada em âmbito estadual, abrangendo eleitores residentes nas zonas urbana e rural
dos municípios do Estado do Maranhão, por meio de entrevistas presenciais, conduzidas tanto em
domicílios quanto em pontos de fluxo populacional (tais como vias públicas, áreas comerciais,
terminais de transporte, praças e locais de grande circulação), relacionando-as aos bairros ou
povoados de moradia, mediante aplicação de questionário estruturado com perguntas abertas e
fechadas.
As entrevistas são realizadas por equipe de entrevistadores previamente treinada e identificada,
observando-se critérios de elegibilidade do respondente, quais sejam: ter 16 anos ou mais, residir no
Estado do Maranhão e possuir título eleitoral válido, estando, portanto, apto a votar. A condição do
entrevistado é verificada no momento da abordagem, não sendo questionada a intenção de
comparecimento às urnas, por não constituir critério de elegibilidade para a participação na
pesquisa.";"O desenho amostral adotado é do tipo amostragem por conglomerados em dois estágios, sem
aplicação de cotas durante a coleta. No primeiro estágio, os municípios do estado são estratificados
por regiões geográficas (Norte, Sul, Leste, Oeste, Central e Grande Ilha), com alocação
proporcional ao tamanho do eleitorado, conforme dados mais recentes do Tribunal Superior
Eleitoral (TSE). Dentro de cada estrato, são sorteados municípios auto representativos e não auto
representativos, estes últimos selecionados com probabilidade proporcional ao tamanho (PPT).
No segundo estágio, dentro dos municípios sorteados, são definidos conglomerados de coleta,
compreendendo bairros ou áreas de grande circulação (pontos de fluxo), selecionados de forma
aleatória ou sistemática. Nesses conglomerados, os entrevistadores realizam abordagens presenciais
de eleitores, tanto em domicílios quanto em pontos de fluxo previamente definidos. A seleção do
respondente respeita regras objetivas de abordagem (por exemplo, intervalo fixo de domicílios ou
abordagem do próximo transeunte elegível), sem preenchimento de cotas durante o campo. Após a
finalização do trabalho de campo, os dados coletados são comparados aos quantitativos
populacionais e se necessário submetidos a procedimento de ponderação estatística (pós estratificação),
com o objetivo de ajustar a amostra às distribuições conhecidas do eleitorado
estadual segundo sexo, faixa etária, escolaridade, renda familiar e religião do entrevistado, com
base nas informações oficiais do Tribunal Superior Eleitoral (TSE-2026) e do Instituto Brasileiro de
Geografia e Estatística (IBGE-2022). Esse procedimento visa corrigir eventuais desequilíbrios
amostrais decorrentes do uso combinado de entrevistas domiciliares e em pontos de fluxo,
assegurando a representatividade dos resultados em relação ao universo pesquisado.
GÊNERO: Masculino (48,01%); Feminino (51,99%);
GÊNERO e FAIXA ETÁRIA: Feminino 16 a 24 anos (18,99%); 25 a 29 anos (12,41%); 30 a 49
anos (40,68%); 50 anos ou mais (27,92%); Masculino 16 a 24 anos (17,42%); 25 a 29 anos(10,60%); 30 a 49 anos (39,39%); 50 anos ou mais (32,60%)
GÊNERO e GRAU DE INSTRUÇÃO: Feminino Até a 4°série do Ensino Fundamental (26,24%);
5° a 8° série do Ensino Fundamental (14,93%); Ensino Médio (47,48%); Ensino Superior (11,35%)
Masculino Até a 4°série do Ensino Fundamental (32,48%); 5° a 8° série do Ensino Fundamental
(17,24%); Ensino Médio (43,21%); Ensino Superior (7,07%)
RENDA MENSAL INDIVIDUAL: Até 1 salário 37%; Mais de 1 a 2 salários 27%; Mais de 2 salários 36%.
RELIGIÃO: Católica (62,99%), Evangélica (26,01%), Outras (4,00%), Sem religião (7,00%)
O nível de confiança estimado é de 95% e a margem de erro máxima é de 2%. FONTE DOS
DADOS: IBGE 2022 | TSE 2026
Número de questionários aplicados, margem de erro e nível de confiança;
Serão realizadas 2.548 entrevistas, com a margem de erro máxima de 2% para mais ou menos, e
com um nível de confiança de 95%. Logo, afirma-se que, com 95% de certeza, os valores estimados
distam no máximo 2 pontos percentuais dos valores reais.";"O controle da qualidade da coleta de dados é realizado por meio de procedimentos contínuos de
supervisão e auditoria interna, aplicados em todas as etapas do trabalho de campo. Todos os
questionários passam por conferência técnica obrigatória, destinada à verificação de consistência,
completude das respostas e adequação ao plano amostral previamente definido.
Adicionalmente, é realizada verificação independente em, no mínimo, 20% das entrevistas,
selecionadas de forma aleatória, por meio de recontato telefônico ou visita de retorno ao domicílio,
conforme a natureza da entrevista originalmente realizada. Esse procedimento tem por finalidade
confirmar a realização da entrevista, a elegibilidade do respondente e a fidelidade das informações
registradas.
Para a execução da pesquisa, é mobilizada uma equipe composta por entrevistadores de campo,
supervisores regionais e coordenação geral, todos previamente treinados quanto aos procedimentos
metodológicos, éticos e operacionais do levantamento. Os supervisores realizam acompanhamento
direto e indireto das equipes, incluindo observação em campo, checagem de rotas e validação diária
dos questionários coletados.
A coordenação geral é responsável pela consolidação das informações, pelo monitoramento do
cumprimento do plano amostral e pela adoção de medidas corretivas sempre que identificadas
inconsistências ou desvios nos procedimentos de coleta.";"SOMA DE ENTREVISTADOS POR LOCALIDADE
Maranhão MARÇO 2026 - Ma
Período: 04/03/2026 a 11/03/2026



LOCALIDADE	TOTAL
Açailândia	68
Água Doce do Maranhão	12
Aldeias Altas	16
Alto Alegre do Pindaré	20
Anapurus	14
Araioses	30
Arame	19
Axixá	14
Bacabal	65
Balsas	60
Barra do Corda	49
Barreirinhas	48
SANTA HELENA	20
Bom Lugar	14
Buriticupu	38
Cachoeira Grande	12
Campestre do Maranhão	12
Capinzal do Norte	12
Caxias	96
Chapadinha	53
Cidelândia	12
Codó Colinas	68
Colinas	30
Coroatá	40
Dom Pedro	20
Fortaleza dos Nogueiras	14
Fortuna	12
Gonçalves Dias	16
Governador Luiz Rocha	12
Grajaú	47
Imperatriz	170
Itapecuru-Mirim	40
Jatobá	13
Lago Verde	14
Lagoa da Mato	14
Magalhães de Almeida	14
Mirador	19
Mirinzal	12
Olho D'água das Cunhães	14
Paço do Lumiar	76
Passagem Franca	18
Paulino Neves	16
Pedreiras	26
Pinheiro
PASTOS BONS 	56
16
Pio XII	18
Presidente Dutra	34
Presidente Juscelino
MORROS 	14
20
Rosário	32
Santa Inês	59
Santa Luzia	40
São Domingos do Maranhão	30
São José de Ribamar	101
São Luis	513
SItio Novo do Maranhão	16
Timon	99
Tutóia	41
Viana	38
Zé Doca	32
	

	
	
MÉDIA GERAL 2548
"
"01/09/2026";"05:46:44";2026;81;"Eleições Gerais 2026";"MA";"MA";"MARANHÃO";"MA069472026";"2026-03-25 21:14:02";"N";"44470818000143";"ECONOMETRICA PESQUISA LTDA";"ECONOMETRICA PESQUISA";"Governador, Senador";"2026-03-18 00:00:00";"2026-03-21 00:00:00";"2026-03-31 00:00:00";1556;"8223-A";"DANILIO SILVA SANTOS";"40000,00";"Pesquisa quantitativa, que consiste na realização de entrevistas pessoais face a face, com a aplicação de questionário estruturado com questões abertas e fechadas, conduzida por pessoas previamente treinadas e oficialmente identificadas. A distribuição da amostra será feita a partir da representação do eleitorado das 6 regiões do Estado do Maranhão.";"Amostra representativa do eleitorado do Maranhão elaborada em três estágios. No primeiro estágio faz-se um sorteio probabilístico dos municípios de cada Mesorregião, onde o sorteio dos municípios será realizado pelo método PPT (Probabilidade Proporcional ao Tamanho), tomando o eleitorado como base para tal seleção. No segundo estágio faz-se um sorteio probabilístico dos bairros que serão pesquisados, tomando eleitorado como base para tal seleção. No terceiro e último estágio, dentro dos setores sorteados, os respondentes são selecionados através de quotas amostrais proporcionais em função de variáveis significativas, a saber: SEXO: Masculino: 48%; Feminino: 52%; IDADE: De 16 a 24 anos: 17%; De 25 a 34 anos: 21%; De 35 a 44 anos: 21%; De 45 a 59 anos: 23%, De 60 a mais: 18%; ESCOLARIDADE: Sem instrução ou Lê e escreve: 19%, Ensino Fundamental: 27%, Ensino Médio: 45%, Ensino Superior Incompleto e Completo: 9%. RENDA: Até 1 Salário-mínimo: 24%, De 1 a 2 Salários-mínimos: 48%, De 2 a 5 Salários-mínimos: 24% e Mais de 5 Salários-mínimos: 4%. Está prevista eventual ponderação para correção das variáveis sexo, idade e escolaridade e renda com base nos percentuais anteriormente mencionados, caso ocorram diferenças superiores a 3 pontos percentuais entre o previsto na amostra e a coleta de dados realizada. Para a variáveis RELIGIÃO do entrevistado, o fator previsto para ponderação é 1 (resultados obtidos em campo). O número de entrevistas é de 1556. O nível de confiança estimado é de 95% e a margem de erro máxima estimada considerando um modelo de amostragem aleatório simples, é de 2,5 pontos percentuais para mais ou para menos sobre os resultados encontrados no total da amostra.
FONTE DOS DADOS: Censo 2022 | TSE 2025.";"Para a realização da pesquisa, utiliza-se uma equipe de entrevistadores e supervisores contratados pelo ECONOMÉTRICA PESQUISA LTDA. devidamente treinados para o trabalho. Após os trabalhos de campo, os questionários são submetidos a uma fiscalização de 20% (vinte por cento) dos questionários aplicados pelos entrevistadores; para verificação das respostas e da adequação dos entrevistadores aos parâmetros amostrais";"Bacabal 45 , Barra do Corda 37 , Grajaú 31 , Presidente Dutra 19 , São Mateus do Maranhão 18 , São Domingos do Maranhão 18 , Arame 12 , Trizidela do Vale 13 , Esperantinópolis 11 , Gonçalves Dias 10 , Bom Lugar 10 , São Luís 225 , São José de Ribamar 41 , Paço do Lumiar 26 , Timon 65 , Caxias 59 , Codó 43 , Chapadinha 31 , Coroatá 22 , Coelho Neto 18 , Colinas 15 , Brejo 15 , São Bernardo 12 , Aldeias Altas 11 , São Benedito do Rio Preto 10 , Passagem Franca 10 , Pinheiro 39 , Barreirinhas 31 , Itapecuru Mirim 30 , Tutóia 27 , Viana 24 , Rosário 20 , São Bento 18 , Cururupu 16 , Vitória do Mearim 15 , Humberto de Campos 15 , Monção 15 , Matinha 12 , Morros 10 , São Vicente Ferrer 11 , Bacabeira 11 , Bacuri 10 , Mirinzal 10 , Primeira Cruz 10 , Presidente Juscelino 11 , Imperatriz 103 , Açailândia 42 , Santa Inês 35 , Santa Luzia 24 , Buriticupu 24 , Lago da Pedra 18 , Turiaçu 15 , Pindaré-Mirim 15 , Bom Jardim 16 , Governador Nunes Freire 9 , Governador Edison Lobão 10 , Buritirana 10 , Balsas 47 , Estreito 16 e São Raimundo das Mangabeiras 10. Total 1556 entrevistas."
"01/09/2026";"05:46:44";2026;81;"Eleições Gerais 2026";"MA";"MA";"MARANHÃO";"MA044992026";"2026-05-08 15:33:10";"N";"47425567000173";"IPPI PESQUISAS E CONSULTORIA LTDA";"IPPI - PESQUISAS E CONSULTORIAS";"Senador";"2026-05-07 00:00:00";"2026-05-11 00:00:00";"2026-05-14 00:00:00";1500;"10644";"Antonio Alberto Ibiapina Costa Filho";"28000,00";"Pesquisa quantitativa, de survey, que consiste na realização de entrevistas pessoais, domiciliares e presenciais, com a aplicação de questionários estruturados a uma amostra representativa da população votante de 16 anos ou mais residente no estado do Maranhão.";"O público pesquisado é composto por eleitores de 16 anos ou mais residentes na área de abrangência da pesquisa. Para produzir uma amostra representativa desse público-alvo, utilizamos um desenho amostral por conglomerados que prevê três estágios. No primeiro estágio, é feito um sorteio probabilístico de municípios para comporem a amostra por meio do método PPT (Probabilidade Proporcional ao Tamanho) a partir de suas populações votantes acima de 16 anos. Dentro da lista de municípios sorteados, no segundo estágio, é realizado um sorteio probabilístico por meio do método PPT (Probabilidade Proporcional ao Tamanho) de setores censitários a serem visitados pelos entrevistadores, sorteio que tem como base o total de habitantes residentes nos setores de acordo com dados do Censo de 2022. Por último são selecionados domicílios e pessoas a serem entrevistadas utilizando- se cotas amostrais para as seguintes variáveis: sexo, idade, renda familiar e escolaridade. O perfil da amostra, definido pelas cotas previstas, é o seguinte: Sexo: Masculino (48%); Feminino (52%). Faixa etária: 16-24 anos (17%); 25-34 anos (21%); 35-44 anos (21%);45-59 anos (23%); 60 ou mais (18%). Renda domiciliar total: Até 2 salários-mínimos (54%); Mais de 2 a 5 salários-mínimos (36%); Mais de 5 salários-mínimos (10%). Nível de instrução: De analfabeto até Fundamental completo (45%); Médio incompleto ou completo (46%); Superior incompleto ou completo ou mais (9%). Fonte dos dados:TSE-Tribunal Superior Eleitoral - maio/2026; Censo 2022 (IBGE); PNADc Anual 2024, Está prevista eventual ponderação da amostra, para correção de estimativas e das distribuições das variáveis sexo e idade, com base nos percentuais anteriormente mencionados, caso ocorram diferenças entre os percentuais previstos na amostra e a coleta de dados realizada. Dentro do público-alvo anteriormente descrito, serão realizadas 1500 entrevistas. O nível de confiança das estimativas é de 95% e a margem de erro máxima prevista, e usando o cálculo para amostra aleatória simples (AAS) como aproximação, é de cerca de 2,5 pontos percentuais para mais ou para menos em relação aos totais da amostra.";"As entrevistas serão realizadas por uma equipe de entrevistadores devidamente qualificada, com experiência e treinamento em pesquisa de opinião pública. Após a realização da coleta de dados, as entrevistas junto aos respondentes são checadas por meio de procedimentos de consistência . Ao longo e após os trabalhos de campo, é realizada uma fiscalização que consiste na checagem de áudio de uma amostra de 30% dos questionários aplicados para verificação das respostas e da adequação dos entrevistados aos parâmetros amostrais.";"A área de abrangência da coleta é o território do estado do Maranhão. A relação do número de pessoas pesquisadas nas áreas de aplicação da pesquisa, discriminadas por município, bairros e setores censitários a partir dos identificadores utilizados pelo IBGE, além da composição do eleitorado entrevistado na área de abrangência quanto a gênero, idade, grau de instrução e nível econômico, constará em anexo."
"01/09/2026";"05:46:44";2026;81;"Eleições Gerais 2026";"MA";"MA";"MARANHÃO";"MA006342026";"2026-03-04 17:53:17";"S";"81908345000140";"INSTITUTO PARANA DE PESQUISAS E ANALISE DE CONSUMIDOR LTDA";"#NULO#";"Governador, Senador";"2026-03-05 00:00:00";"2026-03-08 00:00:00";"2026-03-10 00:00:00";1300;"10245 - 4ª Região";"Tatiani Cristina Ara";"35000,00";"Pesquisa com metodologia quantitativa, com a realização de entrevistas pessoais, domiciliares e presenciais, utilizando questionário estruturado junto a uma amostra representativa do eleitorado do Estado do Maranhão.


";"""A amostra será representativa do eleitorado da área pesquisada e será selecionada em três etapas. Na primeira etapa realiza-se um sorteio probabilístico dos municípios onde as entrevistas serão realizadas através do método PPT (Probabilidade Proporcional ao Tamanho), considerando a população eleitora com 16 anos ou mais residente nos municípios como base para essa seleção. Na segunda etapa, faz-se um sorteio probabilístico das localidades, onde as entrevistas serão realizadas, através do método PPT (Probabilidade Proporcional ao Tamanho), tomando a população eleitora de 16 anos ou mais residente nas localidades como base para essa seleção. Na terceira etapa, a seleção do entrevistado dentro da localidade, será feita utilizando-se quotas amostrais proporcionais, em função das seguintes variáveis:
GÊNERO: TSE Fevereiro 2026 (https://sig.tse.jus.br/ords/dwapr/r/seai/sig-eleitor-eleitorado-mensal/cruzamento-eleitorado-mensal?p24_metricas=E&p24_back=22&p24_cruzamento_1=ds_sexo&clear=24&p0_uf=MA&debug=LEVEL5&session=312990078978641)
Masculino - 48%; |
Feminino - 52%; |
FAIXA ETÁRIA: TSE Fevereiro 2026 (https://sig.tse.jus.br/ords/dwapr/r/seai/sig-eleitor-eleitorado-mensal/cruzamento-eleitorado-mensal?p24_cruzamento_1=ds_faixa_etaria&p24_metricas=E&p24_back=22&clear=24&p0_uf=MA&debug=LEVEL5&session=8904950028837)
Entre 16 e 24 anos: 17%; |
Entre 25 e 34 anos: 21%; |
Entre 35 e 44 anos: 21%; |
Entre 45 e 59 anos: 23%; |
Com 60 anos ou mais: 18%; |
ESCOLARIDADE: TSE Fevereiro 2026 (https://sig.tse.jus.br/ords/dwapr/r/seai/sig-eleitor-eleitorado-mensal/cruzamento-eleitorado-mensal?p24_cruzamento_1=ds_grau_instrucao&p24_metricas=E&p24_back=22&clear=24&p0_uf=MA&debug=LEVEL5&session=309383598034615)
De analfabeto até ensino fundamental completo: 45%; |
Ensino médio incompleto ou completo: 46% |
Ensino superior incompleto ou completo: 9% |
RENDA DOMICILIAR MENSAL:  (https://cidades.ibge.gov.br/brasil/ma/pesquisa/23/24304) IBGE - Censo 2010. Observação: Conforme informações obtidas do Instituto Brasileiro de Geografia e Estatística, o IBGE, não divulgou - e não tem previsão - de data para divulgação do perfil econômico (nível econômico) da população brasileira; portanto, os dados quanto ao nível econômico obtidos no Censo 2022, não podem ser utilizados, pois não foram publicados. (https://censo2022.ibge.gov.br/panorama/)
Sem rendimentos até 2 salários mínimos: 71% |
Mais de 2 a 5 salários mínimos: 21% |
Mais de 5 salários mínimos: 8% |
Está prevista eventual ponderação para correção das variáveis gênero e faixa etária, com base nos percentuais acima apresentados, caso ocorram diferenças superiores a 3,0 (três) pontos percentuais entre o previsto na amostra e a coleta realizada; para as variáveis escolaridade e renda domiciliar mensal, o fator de ponderação é igual a 1 (resultados obtidos no campo). O nível de confiança estimado é de 95% (noventa e cinco por cento) para uma margem de erro estimada, considerando uma técnica de amostragem aleatória simples, de aproximadamente 2,8 (dois vírgula oito) pontos percentuais para mais ou para menos sobre os resultados obtidos.""





";"""As entrevistas serão conduzidas por uma equipe de entrevistadores e supervisores devidamente qualificados pelo Instituto Paraná Pesquisas, todos com experiência e treinamento específico em pesquisas de opinião pública. 
Controle: O controle do processo será realizado por meio de um software de coleta de dados, o qual permitirá o monitoramento garantindo o cumprimento das cotas amostrais.
Conferência e Fiscalização: Durante a coleta de dados os questionários aplicados são fiscalizados e conferidos através de um supervisor.   
Adicionalmente, pelo menos 30% dos questionários passarão por uma verificação posterior, que avaliará a precisão na aplicação e a adequação dos entrevistados às variáveis das quotas amostrais. Ou seja, no mínimo 390 entrevistas desta pesquisa serão auditadas pela equipe de qualidade do Instituto Paraná Pesquisas, podendo essa auditoria ser solicitada ao Instituto a qualquer momento.
Verificação: Após a coleta, os questionários passam por uma etapa de verificação e validação dos dados, para garantir a integridade e precisão dos dados coletados.""





";" ""A pesquisa será realizada no Estado do Maranhão, a relação dos dados relativos aos municípios e às localidades será apresentado até o dia seguinte à data a partir da qual a pesquisa puder ser divulgada, conforme §7º do art. 2º da Resolução-TSE nº. 23.600/2019""





"
"01/09/2026";"05:46:44";2026;81;"Eleições Gerais 2026";"MA";"MA";"MARANHÃO";"MA045882026";"2026-07-02 22:22:28";"S";"55536013000171";"M R BORGES PROMOCOES";"VOX BRASIL PUBLICIDADE MARKETING";"Governador, Senador, Deputado Federal, Deputado Estadual";"2026-07-03 00:00:00";"2026-07-04 00:00:00";"2026-07-08 00:00:00";405;"10394";"FILIPE MOREIRA MARTINE";"2500,00";"Metodologia de pesquisa:
Pesquisa quantitativa com coleta aleatória via questionário estruturado e pós-estratificação da amostra de acordo com as características do eleitorado no município de BREJO no Estado do Maranhão com 405 entrevistas";"Plano amostral e ponderação quanto a sexo, idade, grau de instrução e nível econômico do entrevistado; intervalo de confiança e margem de erro:
Amostra aleatória pós-estratificada com quotas proporcionais, representando características do eleitorado de Maranhão: SEXO: Masculino: 48.3%; Feminino: 51.7%. FAIXA ETÁRIA: Entre 16 a 24 anos: 19.7%; Entre 25 a 34 anos: 18.8%; Entre 35 a 44 anos: 20.3%; Entre 45 a 59 anos: 21.0%; 60 ou mais: 20.2%. ESCOLARIDADE: Ensino Fundamental completo ou incompleto e eleitores sem educação formal: 53.0%; Ensino Médio completo ou incompleto: 41.3%; Ensino Superior completo ou incompleto: 5.7%. NÍVEL ECONÔMICO: Renda individual mensal até 1 Salário Mínimo (Até R$ 1.612,00): 79.2%; Mais de 1 SM até 2 Salários Mínimos (Entre R$ 1.612,01 até R$ 3.224,00): 12.9%; Acima de 2 SM (Acima de R$ 3.224,00) 7.9%. OBS.: devido ao arredondamento, a soma dos percentuais pode variar de 99% a 101%. Para cada variável de ponderação, serão admissíveis desvios de até 4.8 pontos percentuais em relação às quotas estipuladas. Confiança estimada: 95%, margem de erro: +/- 4.8 pontos percentuais. FONTE DOS DADOS: Sexo, Idade e Escolaridade via TSE 2026 e CENSO IBGE 2022 para nível econômico.";"Sistema interno de controle e verificação, conferência e fiscalização da coleta de dados e do trabalho de campo:
Coleta feita com a utilização de questionário com procedimentos específicos e armazenamento dos dados. São checados manualmente no mínimo até o limite de 20% dos questionários para detecção de possíveis desvios de informação. Nossos Coordenadores especialistas realizam internamente uma verificação da consistência dos dados antes da divulgação dos resultados finais.";"Dados relativos aos municípios e bairros abrangidos pela pesquisa. Na ausência de delimitação do bairro, será identificada a área em que foi realizada a pesquisa (conforme §7º. do art. 2º. da Resolução-TSE nº. 23.600/2019, A partir do dia em que a pesquisa for divulgada e até o dia seguinte, o registro deverá ser complementado, sob pena de ser a pesquisa considerada não registrada; na ausência de delimitação do bairro, será identificada a área em que foi realizada):
BAIRROS Centro.Quintas.Matadouro.Bandolim.Santo Antônio.São Paulo.Areias..Escalvado
Estádio .Estrada nova.São João.Olaria.Nova Olinda
POVOADOS:Palestina.São João.São Raimundo.Santa Teresa.Almas.Criulis.Árvores verdes
Repartição.Arraial.Lameiro"
"01/09/2026";"05:46:44";2026;81;"Eleições Gerais 2026";"MA";"MA";"MARANHÃO";"MA071442026";"2026-04-25 20:41:05";"S";"00654576000172";"INSTITUTO VERITA LTDA";"VERITA";"Governador, Senador";"2026-04-26 00:00:00";"2026-04-30 00:00:00";"2026-05-01 00:00:00";1525;"10699";"GUILHERME ALVARENGA LAIA";"117425,00";"Pesquisa quantitativa, que consiste na realização de entrevistas, com a aplicação de questionário estruturado junto a uma amostra representativa do eleitorado desta Unidade da Federação.";"ESTUDO REPRESENTATIVO DO ELEITORADO DO ESTADO DO MARANHÃO - MÉTODO PPT (Probabilidade Proporcional ao Tamanho) - PLANO AMOSTRAL E PONDERAÇÃO QUANTO A SEXO, IDADE, GRAU DE INSTRUÇÃO E NÍVEL ECONÔMICO DO ENTREVISTADO; INTERVALO DE CONFIANÇA E MARGEM DE ERRO: Representativo do eleitorado da área em estudo, elaborada, em vários estágios, da seguinte forma: - 1. Divisão da UF em estratos proporcionais de municípios. 2. Ordenação dos municípios de cada estrato segundo o porte. 3. Sorteio dos municípios de cada estrato. 4. Os respondentes são selecionados através de quotas amostrais proporcionais em função de variáveis significativas, a saber: GÊNERO / FAIXA ETÁRIA - FEMININO E MASCULINO 16 A 34 ANOS 19,3% E 18,3%, 35 A 54 ANOS 19,4% E 17,9%, 55 ANOS OU MAIS 13,3% E 11,8%. GRAU DE INSTRUÇÃO ¿ FEMININO E MASCULINO Sem instrução até Ensino Médio completo 71,4%, Ensino superior incompleto e completo 28,6% NÍVEL ECONÔMICO - FEMININO população não economicamente ativa 46,5% população economicamente ativa 53,5% MASCULINO população não economicamente ativa 27,2% população economicamente ativa 72,8%. RENDA FAMILIAR DO DOMICÍLIO renda familiar de até 2 salários-mínimos 30,7%; de 2 a 5 salários-mínimos 44,2%, acima de 5 salários-mínimos 25,1%. Está prevista eventual ponderação para correção das variáveis, com base nos percentuais anteriormente mencionados, caso ocorram diferenças superiores a margem de erro da pesquisa previsto entre a amostra e a coleta de dados realizada. O fator previsto para ponderação é 1 (resultados obtidos na coleta de dados). O intervalo de confiança estimado é de 95% e a margem de erro máxima estimada considerando um modelo de amostragem aleatório simples, é de aproximadamente 2,5 pontos percentuais para mais ou para menos sobre os resultados encontrados no total da amostra. FONTE DOS DADOS: IBGE/Censo 2022 para fins de densidade demográfica, setores censitários e alocação da amostra. IBGE/PNAD/PNADC/MEC/INEP para fins de Nível Econômico e Escolaridade. TSE FEVEREIRO/2026 para fins de Sexo, Faixa Etária e eleitorado por município ou regiões previamente definidas (importante ressaltar para o público leigo que os dados do TSE são os únicos corretos para gênero, idade dos eleitores e quantitativo de eleitores por municípios já que a base de dados se atualiza automaticamente, PORÉM, dados de escolaridade e nível econômico NÃO são corretos e confiáveis devido a desatualização que ocorre naturalmente com o passar dos anos). Definição de margem de erro e intervalo de confiança: Margem de erro e intervalo de confiança não são grandezas diretamente proporcionais. A SOMA NÃO TEM QUE RESULTAR 100%. ";"Após os trabalhos de coleta de dados, os questionários são submetidos a uma fiscalização, conferência e checagem de cerca de 20% (vinte por cento) dos questionários aplicados.";"A relação dos municípios sorteados ou selecionados para esta pesquisa será apresentada em arquivo anexo até 1 (um) dia após a divulgação desta pesquisa conforme §7º. do art. 2º. da Resolução-TSE nº. 23.600/2019. A área de abrangência desta pesquisa é o Estado DO MARANHÃO"
"01/09/2026";"05:46:44";2026;81;"Eleições Gerais 2026";"MA";"MA";"MARANHÃO";"MA014552026";"2026-07-25 19:49:30";"N";"00654576000172";"INSTITUTO VERITA LTDA";"VERITA";"Governador, Senador";"2026-07-25 00:00:00";"2026-07-29 00:00:00";"2026-07-31 00:00:00";1525;"10699";"Guilherme Alvarenga Laia";"77780,00";"Estudo voltado para eleições 2026 - Pesquisa quantitativa que consiste na realização de entrevistas individuais e pessoais por meio de questionário eletrônico estruturado e utilização de unidade automatizada de respostas audíveis e auditáveis com uso de inteligência artificial apenas no que tange a transcrição de respostas por áudio. A adesão é espontânea por parte dos eleitores e sem remuneração. As respostas são por autodeclaração, em grande maioria números que representam códigos de respostas. Esta metodologia testada nas ultimas 3 eleições garantiram precisão muito superior a outras metodologias com intervenção humana que dificulta padronização e aumenta riscos.";"ESTUDO REPRESENTATIVO DO ELEITORADO DO ESTADO DO MARANHÃO - MÉTODO PPT (Probabilidade Proporcional ao Tamanho) - PLANO AMOSTRAL E PONDERAÇÃO QUANTO A SEXO, IDADE, GRAU DE INSTRUÇÃO E NÍVEL ECONÔMICO DO ENTREVISTADO; INTERVALO DE CONFIANÇA E MARGEM DE ERRO: Representativo do eleitorado da área em estudo, elaborada, em vários estágios, da seguinte forma: - 1. Divisão da UF em macrorregiões. 2. Ordenação dos municípios de cada estrato segundo o porte. 3. Sorteio dos municípios de cada estrato. 4. Os respondentes são selecionados aleatoriamente em todos os bairros buscando atingir as quotas amostrais proporcionais em função de variáveis significativas, a saber: GÊNERO / FAIXA ETÁRIA ¿ Fonte TSE junho 2026 link https://sig.tse.jus.br/ords/dwapr/r/seai/sig-eleicao-eleitorado/painel-perfil-eleitorado?clear=17&session=2574615900707.      
PONDERAÇÁO - FEMININO E MASCULINO 16 A 34 ANOS 19,6% E 18,7%, 35 A 54 ANOS 19,1% E 17,7%, 55 ANOS OU MAIS 13,2% E 11,7%.
GRAU DE INSTRUÇÃO: Fonte IBGE/PNADC 2025 link https://sidra.ibge.gov.br/tabela/7135#resultado. DADOS DISPONÍVEIS PARA POPULAÇÁO ADULTA ACIMA DE 25 ANOS. 
Sem instrução 10,3%. Ensino fundamental incompleto ou equivalente 30,0%. Ensino fundamental completo ou equivalente 7,1%. Ensino médio incompleto ou equivalente 5,3%. Ensino médio completo ou equivalente 31,7%. Ensino superior incompleto ou equivalente 2,8%. Superior completo 12,9%. 
PONDERAÇÁO - calculado para: taxa maior de superior incompleto e completo nos eleitores de 16 a 24 anos que ingressam no ensino superior ou concluem, percentual desprezado de eleitores sem instrução devido a pesquisa ser de respostas autônomas, desprezado parte dos eleitores acima de 70 anos que tem voto facultativo. Incremento para autodeclaração de escolaridade acima da escolaridade real. FEMININO E MASCULINO Sem instrução até Ensino Médio completo 71,4%, Ensino superior incompleto, completo ou mais 28,6%.
NÍVEL ECONÔMICO ¿  FONTE. Link https://biblioteca.ibge.gov.br/visualizacao/periodicos/2421/pnact_2026_1tri.pdf. população não economicamente ativa 45,9% população economicamente ativa 54,1%. 
RENDA FAMILIAR DO DOMICÍLIO FONTE PNADc Anual 2024, 5a visita (IBGE)
Renda domiciliar total, incluindo pensões, benefícios e rendimentos de trabalhos informais: Até 2 salários-mínimos (54%); Mais de 2 a 5 salários-mínimos (36%); Mais de 5 salários-mínimos (10%). 
Está prevista eventual ponderação para correção das variáveis, com base nos percentuais anteriormente mencionados, caso ocorram diferenças superiores a margem de erro da pesquisa previsto entre a amostra e a coleta de dados realizada. 
O fator previsto para ponderação é 1 (resultados obtidos na coleta de dados). O intervalo de confiança estimado é de 95% e a margem de erro máxima estimada considerando um modelo de amostragem aleatório simples, é de aproximadamente 2,5 pontos percentuais para mais ou para menos sobre os resultados encontrados no total da amostra.";"Após os trabalhos de coleta de dados, os questionários são submetidos a uma fiscalização, conferência e checagem de cerca de 20% (vinte por cento) dos questionários aplicados.";"A relação dos municípios sorteados ou selecionados para esta pesquisa será apresentada em arquivo anexo até 1 (um) dia após a divulgação desta pesquisa conforme §7º. do art. 2º. da Resolução-TSE nº. 23.600/2019. A área de abrangência desta pesquisa é o Estado DO MARANHÃO."
"01/09/2026";"05:46:44";2026;81;"Eleições Gerais 2026";"MA";"MA";"MARANHÃO";"MA042742026";"2026-04-06 12:33:16";"N";"10320449000190";"M D C LEMOS LTDA";"INOP PREVISAO PESQUISAS SERVICOS E PUBLICIDADES";"Governador, Senador";"2026-04-04 00:00:00";"2026-04-09 00:00:00";"2026-04-12 00:00:00";2530;"8747 5ª REGIÃO ";"VITOR EMMANUEL BOUÇAS DA SILVA";"38000,00";"A pesquisa é realizada em âmbito estadual, abrangendo eleitores residentes nas zonas urbana e rural
dos municípios do Estado do Maranhão, por meio de entrevistas presenciais, conduzidas tanto em
domicílios quanto em pontos de fluxo populacional (tais como vias públicas, áreas comerciais,
terminais de transporte, praças e locais de grande circulação), relacionando-as aos bairros ou
povoados de moradia, mediante aplicação de questionário estruturado com perguntas abertas e
fechadas.
As entrevistas são realizadas por equipe de entrevistadores previamente treinada e identificada,
observando-se critérios de elegibilidade do respondente, quais sejam: ter 16 anos ou mais, residir no
Estado do Maranhão e possuir título eleitoral válido, estando, portanto, apto a votar.";"O desenho amostral adotado é do tipo amostragem por conglomerados em dois estágios, sem
aplicação de cotas durante a coleta. No primeiro estágio, os municípios do estado são estratificados
por regiões geográficas (Norte, Sul, Leste, Oeste, Central e Grande Ilha), com alocação
proporcional ao tamanho do eleitorado, conforme dados mais recentes do Tribunal Superior
Eleitoral (TSE). Dentro de cada estrato, são sorteados municípios auto representativos e não auto
representativos, estes últimos selecionados com probabilidade proporcional ao tamanho (PPT).
No segundo estágio, dentro dos municípios sorteados, são definidos conglomerados de coleta,
compreendendo bairros ou áreas de grande circulação (pontos de fluxo), selecionados de forma
aleatória ou sistemática. Nesses conglomerados, os entrevistadores realizam abordagens presenciais
de eleitores, tanto em domicílios quanto em pontos de fluxo previamente definidos. A seleção do
respondente respeita regras objetivas de abordagem (por exemplo, intervalo fixo de domicílios ou
abordagem do próximo transeunte elegível), sem preenchimento de cotas durante o campo. Após a
finalização do trabalho de campo, os dados coletados são comparados aos quantitativos
populacionais e se necessário submetidos a procedimento de ponderação estatística (pósestratificação), com o objetivo de ajustar a amostra às distribuições conhecidas do eleitorado
estadual segundo sexo, faixa etária, escolaridade, renda familiar e religião do entrevistado, com
base nas informações oficiais do Tribunal Superior Eleitoral (TSE-2026) e do Instituto Brasileiro de
Geografia e Estatística (IBGE-2022). Esse procedimento visa corrigir eventuais desequilíbrios
amostrais decorrentes do uso combinado de entrevistas domiciliares e em pontos de fluxo,
assegurando a representatividade dos resultados em relação ao universo pesquisado.
GÊNERO: Masculino (47,99%); Feminino (52,01%);
GÊNERO e FAIXA ETÁRIA: Feminino 16 a 24 anos (18,99%); 25 a 29 anos (12,41%); 30 a 49
anos (40,68%); 50 anos ou mais (27,92%); Masculino 16 a 24 anos (17,42%); 25 a 29 anos
(10,60%); 30 a 49 anos (39,39%); 50 anos ou mais (32,60%)
GÊNERO e GRAU DE INSTRUÇÃO: Feminino Até a 4°série do Ensino Fundamental (26,24%);
5° a 8° série do Ensino Fundamental (14,93%); Ensino Médio (47,48%); Ensino Superior (11,35%)
Masculino Até a 4°série do Ensino Fundamental (32,48%); 5° a 8° série do Ensino Fundamental
(17,24%); Ensino Médio (43,21%); Ensino Superior (7,07%) 
RENDA MENSAL INDIVIDUAL: Até 1 salário 37%; Mais de 1 a 2 salários 27%; Mais de 2
salários 36%.
RELIGIÃO: Católica (63%), Evangélica (26%), Outras (4%), Sem religião (7%)
O nível de confiança estimado é de 95% e a margem de erro máxima é de 3,06%. FONTE DOS
DADOS: IBGE 2022 | TSE 2026
Número de questionários aplicados, margem de erro e nível de confiança;
A pesquisa será realizada com 2530 entrevistas. O tamanho da amostra foi dimensionado para
garantir estimativas com nível de confiança de 95% e erro amostral máximo de aproximadamente
3,06 pontos percentuais, considerando agora a natureza multicategórica da pergunta de intenção de
voto. Assim, para cada percentual estimado individualmente, pode-se afirmar que, com 95% de
confiança, o valor real na população pode diferir do valor observado na amostra em até
aproximadamente 3,06 pontos percentuais. ";"O controle da qualidade da coleta de dados é realizado por meio de procedimentos contínuos de
supervisão e auditoria interna, aplicados em todas as etapas do trabalho de campo. Todos os
questionários passam por conferência técnica obrigatória, destinada à verificação de consistência,
completude das respostas e adequação ao plano amostral previamente definido.
Adicionalmente, é realizada verificação independente em, no mínimo, 20% das entrevistas,
selecionadas de forma aleatória, por meio de recontato telefônico ou visita de retorno ao domicílio,
conforme a natureza da entrevista originalmente realizada. Esse procedimento tem por finalidade
confirmar a realização da entrevista, a elegibilidade do respondente e a fidelidade das informações
registradas.
Para a execução da pesquisa, é mobilizada uma equipe composta por entrevistadores de campo,
supervisores regionais e coordenação geral, todos previamente treinados quanto aos procedimentos
metodológicos, éticos e operacionais do levantamento. Os supervisores realizam acompanhamento
direto e indireto das equipes, incluindo observação em campo, checagem de rotas e validação diária
dos questionários coletados.
A coordenação geral é responsável pela consolidação das informações, pelo monitoramento do
cumprimento do plano amostral e pela adoção de medidas corretivas sempre que identificadas
inconsistências ou desvios nos procedimentos de coleta. ";"SOMA DAS LOCALIDADES 
PERIODO DE 04 A 09 DE ABRIL DE 2026
Açailândia	68
Alto alegre do Pindaré	20
Anapurus	14
Araioses	30
Arame	20
Axixá	14
Bacabeira 16
Bacabal	64
Balsas	68
Barra do Corda	52
Barreirinhas	48
Bom Lugar	14
Buriticupu	38
Campestre do Maranhão	12
Capinzal do Norte	12
Caxias	96
Chapadinha	50
Codó	68
Colinas 30
Coroatá	40
Dom Pedro	20
Fortaleza dos Nogueiras	14
Fortuna	12
Gonçalves Dias	16
Governador Luiz Rocha	12
Grajaú	48
Imperatriz	170
Itapecuru-Mirim	44
Icatu16
Lago da Pedra	30
Lagoa do Mato	14
Magalhães de Almeida	14
MIRADOR	18
Morros	20
Paço do Lumiar	76
Passagem Franca	18
Pastos Bons	16
Poção de Pedras 14
Pedreiras 	26
Pinheiro	56
Pindaré -Mirim 24
Pio XII	18
Presidente Dutra	34
Presidente Juscelino	14
Riachão 14
Rosário	32
Santa Helena	20
Santa Inês	58
Santa Luzia	40
São Domingos do Maranhão	30
São Bernardo 20
São João Batista 12
São Mateus 30
São José de Ribamar	92
São Luis	402
Sítio Novo do Maranhão	16
Timon	102
Tuntum 30
Tutóia	42
Viana	40
Zé Doca	32

 MEDIA GERAL	2530"
"01/09/2026";"05:46:44";2026;81;"Eleições Gerais 2026";"MA";"MA";"MARANHÃO";"MA061782026";"2026-05-27 00:28:31";"N";"55536013000171";"M R BORGES PROMOCOES";"VOX BRASIL PUBLICIDADE MARKETING";"Governador, Senador, Deputado Federal, Deputado Estadual";"2026-05-26 00:00:00";"2026-05-29 00:00:00";"2026-06-02 00:00:00";400;"10394";"FILIPE MOREIRA MARTINE";"3500,00";"Metodologia de pesquisa:
Pesquisa quantitativa com coleta aleatória via questionário estruturado e pós-estratificação da
amostra de acordo com as características do eleitorado no município de BREJO no Estado do
Maranhão com 400 entrevistas.";"Plano amostral e ponderação quanto a sexo, idade, grau de instrução e nível econômico
do entrevistado; intervalo de confiança e margem de erro:
Amostra aleatória pós-estratificada com quotas proporcionais, representando características do
eleitorado de Maranhão: SEXO: Masculino: 48.3%; Feminino: 51.7%. FAIXA ETÁRIA: Entre 16 a
24 anos: 19.7%; Entre 25 a 34 anos: 18.8%; Entre 35 a 44 anos: 20.3%; Entre 45 a 59 anos:
21.0%; 60 ou mais: 20.2%. ESCOLARIDADE: Ensino Fundamental completo ou incompleto e
eleitores sem educação formal: 53.0%; Ensino Médio completo ou incompleto: 41.3%; Ensino
Superior completo ou incompleto: 5.7%. NÍVEL ECONÔMICO: Renda individual mensal até 1
Salário Mínimo (Até R$ 1.612,00): 79.2%; Mais de 1 SM até 2 Salários Mínimos (Entre R$
1.612,01 até R$ 3.224,00): 12.9%; Acima de 2 SM (Acima de R$ 3.224,00) 7.9%. OBS.: devido
ao arredondamento, a soma dos percentuais pode variar de 99% a 101%. Para cada variável de
ponderação, serão admissíveis desvios de até 4.8 pontos percentuais em relação às quotas
estipuladas. Confiança estimada: 95%, margem de erro: +/- 4.8 pontos percentuais. FONTE
DOS DADOS: Sexo, Idade e Escolaridade via TSE 2026 e CENSO IBGE 2022 para nível
econômico.";"Sistema interno de controle e verificação, conferência e fiscalização da coleta de dados e
do trabalho de campo:
Coleta feita com a utilização de questionário com procedimentos específicos e armazenamento
dos dados. São checados manualmente no mínimo até o limite de 20% dos questionários para
detecção de possíveis desvios de informação. Nossos Coordenadores especialistas realizam
internamente uma verificação da consistência dos dados antes da divulgação dos resultados
finais.
";"Dados relativos aos municípios e bairros abrangidos pela pesquisa. Na ausência de
delimitação do bairro, será identificada a área em que foi realizada a pesquisa (conforme §7º. do
art. 2º. da Resolução-TSE nº. 23.600/2019, A partir do dia em que a pesquisa for divulgada e até
o dia seguinte, o registro deverá ser complementado, sob pena de ser a pesquisa considerada
não registrada; na ausência de delimitação do bairro, será identificada a área em que foi
realizada):"
"01/09/2026";"05:46:44";2026;81;"Eleições Gerais 2026";"MA";"MA";"MARANHÃO";"MA031932026";"2026-06-08 22:56:42";"N";"47425567000173";"IPPI PESQUISAS E CONSULTORIA LTDA";"IPPI - PESQUISAS E CONSULTORIAS";"Governador, Senador, Deputado Federal, Deputado Estadual";"2026-06-09 00:00:00";"2026-06-13 00:00:00";"2026-06-14 00:00:00";1500;"10644";"Antonio Alberto Ibiapina Costa Filho";"60000,00";"Pesquisa quantitativa, de survey, que consiste na realização de entrevistas pessoais, domiciliares e presenciais, com a aplicação de questionários estruturados a uma amostra representativa da população votante de 16 anos ou mais residente no estado do Maranhão.
";"O público pesquisado é composto por eleitores de 16 anos ou mais residentes na área de abrangência da pesquisa. Para produzir uma amostra representativa desse público-alvo, utilizamos um desenho amostral por conglomerados que prevê três estágios. No primeiro estágio, é feito um sorteio probabilístico de municípios para comporem a amostra por meio do método PPT (Probabilidade Proporcional ao Tamanho) a partir de suas populações votantes acima de 16 anos. Dentro da lista de municípios sorteados, no segundo estágio, é realizado um sorteio probabilístico por meio do método PPT (Probabilidade Proporcional ao Tamanho) de setores censitários a serem visitados pelos entrevistadores, sorteio que tem como base o total de habitantes residentes nos setores de acordo com dados do Censo de 2022. Por último são selecionados domicílios e pessoas a serem entrevistadas utilizando- se cotas amostrais para as seguintes variáveis: sexo, idade, renda familiar e escolaridade. O perfil da amostra, definido pelas cotas previstas, é o seguinte: Sexo: Masculino (48%); Feminino (52%). Faixa etária: 16-24 anos (17%); 25-34 anos (21%); 35-44 anos (21%);45-59 anos (23%); 60 ou mais (18%). Renda domiciliar total: Até 2 salários-mínimos (54%); Mais de 2 a 5 salários-mínimos (36%); Mais de 5 salários-mínimos (10%). Nível de instrução: De analfabeto até Fundamental completo (45%); Médio incompleto ou completo (46%); Superior incompleto ou completo ou mais (9%). Fonte dos dados:TSE-Tribunal Superior Eleitoral - maio/2026; Censo 2022 (IBGE); PNADc Anual 2024, Está prevista eventual ponderação da amostra, para correção de estimativas e das distribuições das variáveis sexo e idade, com base nos percentuais anteriormente mencionados, caso ocorram diferenças entre os percentuais previstos na amostra e a coleta de dados realizada. Dentro do público-alvo anteriormente descrito, serão realizadas 1500 entrevistas. O nível de confiança das estimativas é de 95% e a margem de erro máxima prevista, e usando o cálculo para amostra aleatória simples (AAS) como aproximação, é de cerca de 2,5 pontos percentuais para mais ou para menos em relação aos totais da amostra.";"As entrevistas serão realizadas por uma equipe de entrevistadores devidamente qualificada, com experiência e treinamento em pesquisa de opinião pública. Após a realização da coleta de dados, as entrevistas junto aos respondentes são checadas por meio de procedimentos de consistência . Ao longo e após os trabalhos de campo, é realizada uma fiscalização que consiste na checagem de áudio de uma amostra de 30% dos questionários aplicados para verificação das respostas e da adequação dos entrevistados aos parâmetros amostrais.";"A área de abrangência da coleta é o território do estado do Maranhão. A relação do número de pessoas pesquisadas nas áreas de aplicação da pesquisa, discriminadas por município, bairros e setores censitários a partir dos identificadores utilizados pelo IBGE, além da composição do eleitorado entrevistado na área de abrangência quanto a gênero, idade, grau de instrução e nível econômico, constará em anexo."
"01/09/2026";"05:46:44";2026;81;"Eleições Gerais 2026";"MA";"MA";"MARANHÃO";"MA046482026";"2026-08-30 21:38:39";"N";"64500153000180";"LAIS CRISTINA RODRIGUES DE OLIVEIRA LTDA";"IPSENSUS PESQUISAS";"Governador, Senador";"2026-08-30 00:00:00";"2026-09-02 00:00:00";"2026-09-05 00:00:00";350;"7655";"AUGUSTO DA SILVA ROCHA";"4000,00";"A pesquisa cobrirá o município envolvendo todas regiões do município de Presidente Dutra/MA Universo da pesquisa será dos eleitores com 16 anos ou mais. A amostra representará os eleitores do Município, selecionados em 2(dois) estágios. No primeiro estágio, os setores censitários, onde as entrevistas serão realizadas, foram selecionadas, probabilisticamente, através do método PPT - Probabilidade Proporcional ao Tamanho, tomando o número de eleitores como base para seleção. No segundo estágio, a seleção do entrevistado, dentro do setor censitário, será feita utilizando-se quotas proporcionais, e a abordagem será domiciliar.";"Utilizamos quotas proporcionais, em função das seguintes variáveis: Gênero: FEMININO 52,59% ;
MASCULINO 47,41% ;


Faixa etária: 16 a 24 anos 15,49% ;
25 a 34 anos 19,51% ;
35 a 44 anos 19,60% ;
45 a 59 anos 24,43% ;
60 anos ou mais 20,97% ;


Grau de instrução: ANALFABETO 5,88% ;
ENSINO FUNDAMENTAL COMPLETO 6,03% ;
ENSINO FUNDAMENTAL INCOMPLETO 18,15% ;
ENSINO MÉDIO COMPLETO 28,01% ;
ENSINO MÉDIO INCOMPLETO 17,07% ;
LÊ E ESCREVE 16,25% ;
SUPERIOR COMPLETO 6,12% ;
SUPERIOR INCOMPLETO 2,51% ;



Fonte dos dados: TSE-Tribunal Superior Eleitoral/julho2026; Cruzamento Eleitorado Mensal https://sig.tse.jus.br/ords/dwapr/r/seai/sig-eleitor-eleitorado-mensal/cruzamento-eleitorado-mensal?p24_metricas=E&p24_back=22&p24_cruzamento_1=ds_sexo&clear=24&session=1774743626647; https://sig.tse.jus.br/ords/dwapr/r/seai/sig-eleitor-eleitorado-mensal/cruzamento-eleitorado-mensal?p24_cruzamento_1=ds_faixa_etaria&p24_metricas=E&p24_back=22&clear=24&session=1774743626647 ;https://sig.tse.jus.br/ords/dwapr/r/seai/sig-eleitor-eleitorado-mensal/cruzamento-eleitorado-mensal?p0_municipio=PRESIDENTE%20DUTRA&p0_uf=MA&session=1774743626647 ;
Ano=2026; Mês = JULHO; UF= MA; MUNICIPIO = Presidente Dutra; Renda familiar: Até 1/2 salário mínimo 10,95% ;
Mais de 1/2 a 1 salário mínimo 24,01% ;
Mais de 1 a 2 salários mínimos 29,96% ;
Mais de 2 a 5 salários mínimos 21,53% ;
Mais de 5 a 10 salários mínimos 5,56% ;
Mais de 10 a 20 salários mínimos 1,85% ;
Mais de 20 salários mínimos 0,86% ;
Sem rendimento 5,28% ;


Fonte dos dados: IBGE-Censo 2010-IBGE-CENSO 2022 (IBGE/Censo 2010 - Classe de rendimento nominal mensal domiciliar) ; https://cidades.ibge.gov.br/brasil/ma/presidente-dutra/pesquisa/23/24304; ""Está prevista eventual ponderação da amostra para correção das variáveis sexo, idade, renda familiar e escolaridade com base nos percentuais anteriormente mencionados, caso ocorram diferenças entre os percentuais previstos na amostra e a coleta de dados realizada. O nível de confiança estimado é de 95% e a margem de erro máxima prevista, baseada em uma amostra aleatória simples (AAS), é de cerca de 5,2 pontos percentuais para mais ou para menos em relação aos totais da amostra. Nível Econômico: IBGE (Censo/2010) - Observação: Conforme informações obtidas do Instituto Brasileiro de Geografia e Estatística, o IBGE, não divulgou - e não tem previsão - de data para divulgação do perfil econômico (nível econômico) da população brasileira; portanto, os dados quanto ao nível econômico obtidos no Censo 2022, não podem ser utilizados, pois não foram publicados.""";"Para a realização da pesquisa, utiliza-se uma equipe de entrevistadores e supervisores credenciados devidamente treinados pela empresa para esse tipo de pesquisa. Após os trabalhos de campo, 100% dos questionários são criticados e passam por uma fiscalização de cerca de 20% (vinte por cento) dos questionários aplicados por cada entrevistador; para verificação da consistência das respostas e da adequação dos entrevistados aos parâmetros amostrais.";"#NULO#"
"01/09/2026";"05:46:44";2026;81;"Eleições Gerais 2026";"MA";"MA";"MARANHÃO";"MA025582026";"2026-08-18 20:08:34";"N";"22445600000104";"QUAEST PESQUISAS, CONSULTORIA E PROJETOS LTDA.";"#NULO#";"Governador, Senador";"2026-08-20 00:00:00";"2026-08-23 00:00:00";"2026-08-24 00:00:00";900;"6731";"Margarida Maria de Mendonca";"106290,00";"Pesquisa quantitativa, de survey, que consiste na realização de entrevistas pessoais, domiciliares e presenciais, conduzidas por profissionais treinados, com a aplicação de questionários estruturados a uma amostra representativa da população votante de 16 anos ou mais residente no estado do Maranhão. O desenho amostral aplicado combina sorteio probabilístico de municípios e de setores censitários fornecidos pelo IBGE (unidades territoriais homogêneas, de tamanho similar a quadras ou blocos), dentro dos quais serão selecionadas pessoas respondentes por meio de cotas amostrais.";"O público pesquisado é composto por eleitores de 16 anos ou mais residentes na área de abrangência da pesquisa. Para produzir uma amostra representativa desse público-alvo, utilizamos um desenho amostral por conglomerados que prevê três estágios. No primeiro estágio, é feito um sorteio probabilístico de municípios para comporem a amostra por meio do método PPT (Probabilidade Proporcional ao Tamanho) a partir de suas populações votantes acima de 16 anos. Dentro da lista de municípios sorteados, no segundo estágio, é realizado um sorteio probabilístico por meio do método PPT (Probabilidade Proporcional ao Tamanho) de setores censitários a serem visitados pelos entrevistadores, sorteio que tem como base o total de habitantes residentes nos setores de acordo com dados do Censo de 2022, o que garante a dispersão aleatória e estatística da amostra dentro dos territórios municipais, independentemente de divisões administrativas. Finalmente, dentro da lista de setores censitários sorteados, no último estágio são selecionados domicílios e pessoas a serem entrevistadas utilizando-se cotas amostrais para as seguintes variáveis: sexo, idade, renda familiar e escolaridade. O perfil da amostra, definido pelas cotas previstas, é o seguinte:

Sexo: Masculino (48%); Feminino (52%). 
Faixa etária: 16-34 anos (38%); 35-59 anos (43%); 60 ou mais (19%). 
Renda domiciliar total, incluindo pensões, benefícios e rendimentos de trabalhos informais: Até 2 salários-mínimos (53%); Mais de 2 a 5 salários-mínimos (36%); Mais de 5 salários-mínimos (11%). 
Nível de instrução: Até Fundamental completo ou médio incompleto (50%); Médio completo ou superior incompleto (39%); Superior completo ou mais (11%). 

Fonte dos dados: para a distribuição de sexo e idade, TSE-Tribunal Superior Eleitoral - julho/2026; para a malha de setores censitários, Censo 2022 (IBGE); para a distribuição de renda domiciliar, PNADc Anual 2025, 1ª visita (IBGE); e, para a distribuição de escolaridade/instrução, PNADc trimestral 1-2026 (IBGE). A PNADc é utilizada por ser a fonte oficial mais atualizada de rendimentos do país, incluindo rendimentos informais, pensões, entre outros, e corrigindo as defasagens temporais do Censo 2022, além de ser a fonte mais atualizada de nível de instrução da população com 16 anos ou mais dada ausência de atualização obrigatória da escolaridade no registro de eleitores do TSE.

Está prevista eventual pós-estratificação da amostra, por meio de algoritmos de calibração (rake) e modelos (MrP), para correção de estimativas e das distribuições das variáveis sexo, idade, renda familiar e escolaridade, com base nos percentuais anteriormente mencionados, caso ocorram diferenças entre os percentuais previstos na amostra e a coleta de dados realizada. 

Dentro do público-alvo anteriormente descrito, serão realizadas 900 entrevistas. O nível de confiança das estimativas é de 95% e a margem de erro máxima prevista, atendendo às diretivas do TSE e usando o cálculo para amostra aleatória simples (AAS) como aproximação, é de cerca de 3 pontos percentuais para mais ou para menos em relação aos totais da amostra.";"As entrevistas serão realizadas por uma equipe de entrevistadores devidamente qualificada, com experiência e treinamento em pesquisa de opinião pública. Todo trabalho é feito em tablets ou outros dispositivos eletrônicos. Após a realização da coleta de dados, as entrevistas junto aos respondentes são checadas por meio de procedimentos de consistência e de georreferenciamento dos locais de aplicação em tempo real. Adicionalmente, ao longo e após os trabalhos de campo, é realizada uma fiscalização que consiste na checagem de áudio de uma amostra de 30% dos questionários aplicados para verificação das respostas e da adequação dos entrevistados aos parâmetros amostrais.";"A área de abrangência da coleta é o território do estado do Maranhão. A relação do número de pessoas pesquisadas nas áreas de aplicação da pesquisa, discriminadas por município, bairros e setores censitários a partir dos identificadores utilizados pelo IBGE, além da composição do eleitorado entrevistado na área de abrangência quanto a gênero, idade, grau de instrução e nível econômico, constará em anexo. O mapa com os códigos destes setores censitários e as áreas que delimitam no país todo podem ser conferidos na seguinte fonte oficial: https://censo2022.ibge.gov.br/panorama/mapas.html?localidade=&recorte=setores_censitarios"
"01/09/2026";"05:46:44";2026;81;"Eleições Gerais 2026";"MA";"MA";"MARANHÃO";"MA088682026";"2026-08-29 21:10:36";"N";"47425567000173";"IPPI PESQUISAS E CONSULTORIA LTDA";"IPPI - PESQUISAS E CONSULTORIAS";"Governador, Senador, Deputado Federal, Deputado Estadual";"2026-08-29 00:00:00";"2026-09-02 00:00:00";"2026-09-04 00:00:00";1500;"10644";"ANTONIO ALBERTO IBIAPINA COSTA FILHO";"60000,00";"Pesquisa quantitativa, do tipo survey, realizada por meio de entrevistas presenciais, domiciliares e individuais, com aplicação de questionário estruturado ? contendo perguntas espontâneas e estimuladas, estas com apresentação de cartela em rodízio ? a uma amostra representativa da população votante do estado do Maranhão. O público-alvo é composto por eleitores de 16 anos ou mais residentes na área de abrangência da pesquisa (território do estado do Maranhão), tendo como referência o eleitorado apto registrado pelo TSE (julho/2026).";"O público pesquisado é composto por eleitores de 16 anos ou mais residentes na área de abrangência da pesquisa. Para produzir uma amostra representativa desse público-alvo, utilizamos um desenho amostral por conglomerados que prevê três estágios. No primeiro estágio, é feito um sorteio probabilístico de municípios para comporem a amostra por meio do método PPT (Probabilidade Proporcional ao Tamanho) a partir de suas populações votantes acima de 16 anos. Dentro da lista de municípios sorteados, no segundo estágio, é realizado um sorteio probabilístico por meio do método PPT (Probabilidade Proporcional ao Tamanho) de setores censitários a serem visitados pelos entrevistadores, sorteio que tem como base o total de habitantes residentes nos setores de acordo com dados do Censo de 2022. Por último, são selecionados domicílios e pessoas a serem entrevistadas utilizando-se cotas amostrais para as seguintes variáveis: sexo, idade, renda familiar e escolaridade. O perfil da amostra, definido pelas cotas previstas, é o seguinte: Sexo: Masculino (48%); Feminino (52%). Faixa etária: 16-24 anos (17%); 25-34 anos (21%); 35-44 anos (21%); 45-59 anos (23%); 60 anos ou mais (18%). Renda domiciliar total: Até 2 salários-mínimos (54%); Mais de 2 a 5 salários-mínimos (36%); Mais de 5 salários-mínimos (10%). Nível de instrução: De analfabeto até Fundamental completo (45%); Médio incompleto ou completo (46%); Superior incompleto ou completo ou mais (9%). Fonte dos dados: TSE ? Tribunal Superior Eleitoral (julho/2026); Censo 2022 (IBGE); PNAD Contínua (PNADc) Anual 2024 (IBGE). Está prevista eventual ponderação da amostra, para correção de estimativas e das distribuições das variáveis sexo e idade, com base nos percentuais anteriormente mencionados, caso ocorram diferenças entre os percentuais previstos na amostra e a coleta de dados realizada. Dentro do público-alvo anteriormente descrito, serão realizadas 1.500 entrevistas, distribuídas em 80 municípios das cinco mesorregiões do estado. O nível de confiança das estimativas é de 95% e a margem de erro máxima prevista, usando o cálculo para amostra aleatória simples (AAS) como aproximação, é de cerca de 2,5 pontos percentuais para mais ou para menos em relação aos totais da amostra.";"As entrevistas são realizadas por equipe de entrevistadores devidamente qualificada, com experiência e treinamento em pesquisa de opinião pública, sob supervisão de campo. Todos os questionários passam por procedimentos de crítica e consistência ? verificação de preenchimento e completude, coerência lógica das respostas, duração e horário da entrevista e, quando disponível, geolocalização do ponto de coleta. Ao longo e após os trabalhos de campo, é realizada uma fiscalização que consiste na checagem de áudio de uma amostra de 30% dos questionários aplicados, para verificação das respostas e da adequação dos entrevistados aos parâmetros amostrais (sexo, idade, renda familiar e escolaridade). Os questionários com inconsistências são revisados ou excluídos e, quando necessário, a entrevista é substituída. Toda a documentação da pesquisa é mantida arquivada e auditável.";"A área de abrangência da coleta é o território do estado do Maranhão. A pesquisa prevê 1.500 entrevistas, distribuídas em 80 municípios das cinco mesorregiões do estado. A relação do número de pessoas a serem entrevistadas nas áreas de aplicação da pesquisa ? discriminada por município, bairro e setor censitário, a partir dos identificadores utilizados pelo IBGE ?, bem como a composição do eleitorado entrevistado na área de abrangência quanto a sexo, idade, grau de instrução e nível econômico (renda familiar), constará em documento anexo (mapa de cotas por município)."
"01/09/2026";"05:46:44";2026;81;"Eleições Gerais 2026";"MA";"MA";"MARANHÃO";"MA015552026";"2026-07-15 15:20:06";"N";"10320449000190";"M D C LEMOS LTDA";"INOP PREVISAO PESQUISAS SERVICOS E PUBLICIDADES";"Governador, Senador, Deputado Federal, Deputado Estadual";"2026-07-08 00:00:00";"2026-07-16 00:00:00";"2026-07-21 00:00:00";2610;"8747";"VITOR EMMANUEL BOUCAS DA SILVA";"48000,00";"
A pesquisa foi realizada em âmbito estadual, abrangendo eleitores residentes nas zonas urbana e rural dos municípios do Estado do Maranhão, por meio de entrevistas presenciais, conduzidas tanto em domicílios quanto em pontos de fluxo populacional (tais como vias públicas, áreas comerciais, terminais de transporte, praças e locais de grande circulação), relacionando-as aos bairros ou povoados de moradia, mediante aplicação de questionário estruturado com perguntas abertas e fechadas. As entrevistas são realizadas por equipe de entrevistadores previamente treinada e identificada, observando-se critérios de elegibilidade do respondente, quais sejam: ter 16 anos ou mais, residir no Estado do Maranhão e possuir título eleitoral válido, estando, portanto, apto a votar.
";"O desenho amostral adotado é do tipo misto com uso de conglomerados em dois estágios e estratificado. No primeiro estágio, os municípios do estado são estratificados por regiões geográficas (Norte, Sul, Leste, Oeste, Central e Grande Ilha), com alocação proporcional ao tamanho do eleitorado, conforme dados mais recentes do Tribunal Superior Eleitoral (TSE). Dentro de cada estrato, são sorteados municípios auto representativos e não auto representativos, estes últimos selecionados com probabilidade proporcional ao tamanho (PPT).
No segundo estágio, dentro dos municípios sorteados, são definidos conglomerados de coleta, compreendendo bairros ou áreas de grande circulação (pontos de fluxo), selecionados de forma aleatória ou sistemática. Nesses conglomerados, os entrevistadores realizam abordagens presenciais de eleitores, tanto em domicílios quanto em pontos de fluxo previamente definidos. A seleção do respondente respeita regras objetivas de abordagem (por exemplo, intervalo fixo de domicílios ou abordagem do próximo transeunte elegível). Após a finalização do trabalho de campo, os dados coletados são comparados aos quantitativos populacionais e se necessário submetidos a procedimento de ponderação estatística (pós-estratificação), com o objetivo de ajustar a amostra às distribuições conhecidas do eleitorado estadual segundo sexo, faixa etária, escolaridade e renda familiar, com base nas informações oficiais do Tribunal Superior Eleitoral (TSE-2026) e do Instituto Brasileiro de Geografia e Estatística (IBGE-2022). Esse procedimento visa corrigir eventuais desequilíbrios amostrais decorrentes do uso combinado de entrevistas domiciliares e em pontos de fluxo, assegurando a representatividade dos resultados em relação ao universo pesquisado.

GÊNERO: Masculino (47,93%); Feminino (52,07%);

GÊNERO e FAIXA ETÁRIA: Feminino 16 a 24 anos (16,29%); 25 a 29 anos (10,86%); 30 a 49 anos (40,10%); 50 anos ou mais (32,74%); Masculino 16 a 24 anos (17,43%); 25 a 29 anos (10,94%); 30 a 49 anos (39,94%); 50 anos ou mais (31,69%)

GÊNERO e GRAU DE INSTRUÇÃO: Feminino Até a 4°série do Ensino Fundamental (35,47%); 5° a 8° série do Ensino Fundamental (23,56%); Ensino Médio (29,60%); Ensino Superior (11,37%)
Masculino Até a 4°série do Ensino Fundamental (43,57%); 5°a 8° série do Ensino Fundamental (25,29%); Ensino Médio (24,07%); Ensino Superior (7,07%)

RENDA MENSAL INDIVIDUAL: Até 1 salário 73%; Mais de 1 a 2 salários 20%; Mais de 2 salários 7%.

O nível de confiança estimado é de 95% e a margem de erro máxima é de 3,02%. FONTE DOS DADOS: IBGE 2022 | TSE 2026
Número de questionários aplicados, margem de erro e nível de confiança;

A pesquisa realizada com 2610 entrevistas. O tamanho da amostra foi dimensionado para garantir estimativas com nível de confiança de 95% e erro amostral máximo de aproximadamente 3,02 pontos percentuais, considerando agora a natureza multicategórica da pergunta de intenção de voto. Assim, para cada percentual estimado individualmente, pode-se afirmar que, com 95% de confiança, o valor real na população pode diferir do valor observado na amostra em até aproximadamente 3,02 pontos percentuais.
";"O controle da qualidade da coleta de dados é realizado por meio de procedimentos contínuos de supervisão e auditoria interna, aplicados em todas as etapas do trabalho de campo. Todos os questionários passam por conferência técnica obrigatória, destinada à verificação de consistência, completude das respostas e adequação ao plano amostral previamente definido.
Adicionalmente, é realizada verificação independente em, no mínimo, 20% das entrevistas, selecionadas de forma aleatória, por meio de recontato telefônico ou visita de retorno ao domicílio, conforme a natureza da entrevista originalmente realizada. Esse procedimento tem por finalidade confirmar a realização da entrevista, a elegibilidade do respondente e a fidelidade das informações registradas.
Para a execução da pesquisa, é mobilizada uma equipe composta por entrevistadores de campo, supervisores regionais e coordenação geral, todos previamente treinados quanto aos procedimentos metodológicos, éticos e operacionais do levantamento. Os supervisores realizam acompanhamento direto e indireto das equipes, incluindo observação em campo, checagem de rotas e validação diária dos questionários coletados.
A coordenação geral é responsável pela consolidação das informações, pelo monitoramento do cumprimento do plano amostral e pela adoção de medidas corretivas sempre que identificadas inconsistências ou desvios nos procedimentos de coleta.

";"#NULO#"
"01/09/2026";"05:46:44";2026;81;"Eleições Gerais 2026";"MA";"MA";"MARANHÃO";"MA082632026";"2026-08-20 22:10:15";"N";"37609944000170";"QUALITATIVA INSTITUTO DE OPINIAO PUBLICA EIRELI";"INSTITUTO QUALITATIVA";"Governador, Senador";"2026-08-19 00:00:00";"2026-08-25 00:00:00";"2026-08-26 00:00:00";900;"10526";"Jose Dos Reis Cunha Filho";"20000,00";"Pesquisa quantitativa com abordagem porta a porta, com eleitores que votam e/ou residem no estado do Maranhão, consistindo na realização de entrevistas pessoais e individuais, com a aplicação de questionário estruturado junto a uma amostra representativa do eleitorado em estudo. Devido a ordem probabilística da amostra, nesta pesquisa será considerada apenas os eleitores residentes dentro do município ou que no dia da entrevista estejam nele. Todas as entrevistas são espontâneas e os dados são sigilosos, guardados no banco de dados do instituto para tabulação e apresentação gráfica e analítica.";"Trata-se de uma amostra probabilística estratificada, com abordagem aleatória simples através de cotas de sexo, idade e escolaridade, ponderadas de acordo com a estatística do Eleitorado do TSE, 2026 (https://sig.tse.jus.br) e renda ponderada de acordo com registro do último senso estratificado do IBGE (https://cidades.ibge.gov.br) e em conformidade com a Resolução do TSE 23.600/2019, complementada pela Resolução 23.676/2021, com entrevistas domiciliares aos eleitores de 16 anos ou mais que exerça seu voto no estado do Maranhão. Totalizando uma população eleitoral de 5.188.115 e amostra de 900, a um nível de confiança = 95%; Nível de significância = 5%; Margem de erro = 3,27%, com P = 0,5.
SEXO: Masculino (48,08%), Feminino (51,92%); FAIXA ETÁRIA: até 24 anos (17,05%), de 25 a 34 anos (20,63%), de 35 a 44 anos (20,48%), de 45 a 59 anos (22,99%), 60 anos ou mais (18,85%); ESCOLARIDADE: Analfabeto (7,25%), Lê e escreve (11,05%), 1º Grau inc/comp (25,99%), 2º Grau inc/comp (46,43%), 3º Grau inc/comp (9,28%); RENDA: Até 1 salário (37,65%), entre 1 e 2 salários (27,25%), entre 2 e 5 salários (24,66%), entre 5 e 10 salários (6,64%), Mais de 10 salários (3,79%).
";"Os questionários são aplicados com uso de equipamentos eletrônicos, supervisão in loco e via GPS, passarão por conferência através de novo contato até 20% dos entrevistados, todas as regiões pesquisadas foram selecionadas proporcionalmente.";"Os municípios serão anexados de acordo com a resolução."
"01/09/2026";"05:46:44";2026;81;"Eleições Gerais 2026";"MA";"MA";"MARANHÃO";"MA009182026";"2026-08-31 22:49:02";"N";"64500153000180";"LAIS CRISTINA RODRIGUES DE OLIVEIRA LTDA";"IPSENSUS PESQUISAS";"Governador, Senador";"2026-09-01 00:00:00";"2026-09-05 00:00:00";"2026-09-06 00:00:00";350;"7655";"AUGUSTO DA SILVA ROCHA";"4000,00";"A pesquisa cobrirá o município envolvendo todas regiões do município de Belágua/MA Universo da pesquisa será dos eleitores com 16 anos ou mais. A amostra representará os eleitores do Município, selecionados em 2(dois) estágios. No primeiro estágio, os setores censitários, onde as entrevistas serão realizadas, foram selecionadas, probabilisticamente, através do método PPT - Probabilidade Proporcional ao Tamanho, tomando o número de eleitores como base para seleção. No segundo estágio, a seleção do entrevistado, dentro do setor censitário, será feita utilizando-se quotas proporcionais, e a abordagem será domiciliar.";"Utilizamos quotas proporcionais, em função das seguintes variáveis:

Gênero: ; FEMININO 48,31%.;
MASCULINO 51,69%.;

Faixa etária: 16 a 24 anos 22,98%;
25 a 34 anos 26,57%;
35 a 44 anos 20,23%;
45 a 59 anos 17,84%;
60 anos ou mais 12,38%;


Grau de instrução: ANALFABETO 10,19% ;
ENSINO FUNDAMENTAL COMPLETO 3,76% ;
ENSINO FUNDAMENTAL INCOMPLETO 20,95% ;
ENSINO MÉDIO COMPLETO 23,62% ;
ENSINO MÉDIO INCOMPLETO 24,16% ;
LÊ E ESCREVE 14,50% ;
SUPERIOR COMPLETO 2,10% ;
SUPERIOR INCOMPLETO 0,71% ;


Fonte dos dados: TSE-Tribunal Superior Eleitoral/julho2026; Cruzamento Eleitorado Mensal
https://sig.tse.jus.br/ords/dwapr/r/seai/sig-eleitor-eleitorado-mensal/cruzamento-eleitorado-mensal?p24_metricas=E&p24_back=22&p24_cruzamento_1=ds_sexo&clear=24&session=10939350749154 ;
https://sig.tse.jus.br/ords/dwapr/r/seai/sig-eleitor-eleitorado-mensal/cruzamento-eleitorado-mensal?p24_cruzamento_1=ds_faixa_etaria&p24_metricas=E&p24_back=22&clear=24&session=10939350749154 ;
https://sig.tse.jus.br/ords/dwapr/r/seai/sig-eleitor-eleitorado-mensal/cruzamento-eleitorado-mensal?p0_municipio=BEL%C3%81GUA&p0_uf=MA&session=10939350749154 ;

; Ano=2026; Mês = JULHO; UF= MA; MUNICIPIO = Belágua; Renda familiar: ; Até 1/2 salário mínimo 35,26% ;
Mais de 1/2 a 1 salário mínimo 16,36% ;
Mais de 1 a 2 salários mínimos 21,03% ;
Mais de 2 a 5 salários mínimos 9,49% ;
Mais de 5 a 10 salários mínimos 1,11% ;
Mais de 10 a 20 salários mínimos 0,32% ;
Mais de 20 salários mínimos 0,16% ;
Sem rendimento 16,27% ;


Fonte dos dados: IBGE-Censo 2010-IBGE-CENSO 2022 (IBGE/Censo 2010 - Classe de rendimento nominal mensal domiciliar) ; https://cidades.ibge.gov.br/brasil/ma/belagua/pesquisa/23/24304 ;


""Está prevista eventual ponderação da amostra para correção das variáveis sexo, idade, renda familiar e escolaridade com base nos percentuais anteriormente mencionados, caso ocorram diferenças entre os percentuais previstos na amostra e a coleta de dados realizada. O nível de confiança estimado é de 95% e a margem de erro máxima prevista, baseada em uma amostra aleatória simples (AAS), é de cerca de 5,1 pontos percentuais para mais ou para menos em relação aos totais da amostra. Nível Econômico: IBGE (Censo/2010) - Observação: Conforme informações obtidas do Instituto Brasileiro de Geografia e Estatística, o IBGE, não divulgou - e não tem previsão - de data para divulgação do perfil econômico (nível econômico) da população brasileira; portanto, os dados quanto ao nível econômico obtidos no Censo 2022, não podem ser utilizados, pois não foram publicados.""";"Para a realização da pesquisa, utiliza-se uma equipe de entrevistadores e supervisores credenciados devidamente treinados pela empresa para esse tipo de pesquisa. Após os trabalhos de campo, 100% dos questionários são criticados e passam por uma fiscalização de cerca de 20% (vinte por cento) dos questionários aplicados por cada entrevistador; para verificação da consistência das respostas e da adequação dos entrevistados aos parâmetros amostrais.";"#NULO#"
"01/09/2026";"05:46:44";2026;81;"Eleições Gerais 2026";"MA";"MA";"MARANHÃO";"MA069102026";"2026-05-02 11:45:31";"N";"10320449000190";"M D C LEMOS LTDA";"INOP PREVISAO PESQUISAS SERVICOS E PUBLICIDADES";"Governador, Senador, Deputado Federal, Deputado Estadual";"2026-04-24 00:00:00";"2026-05-02 00:00:00";"2026-05-08 00:00:00";2588;"8747 5ª REGIÃO ";"VITOR EMMANUEL BOUÇAS DA SILVA";"38000,00";"A pesquisa é realizada em âmbito estadual, abrangendo eleitores residentes nas zonas urbana e rural dos municípios do Estado do Maranhão, por meio de entrevistas presenciais, conduzidas tanto em domicílios quanto em pontos de fluxo populacional (tais como vias públicas, áreas comerciais, terminais de transporte, praças e locais de grande circulação), relacionando-as aos bairros ou povoados de moradia, mediante aplicação de questionário estruturado com perguntas abertas e fechadas. As entrevistas são realizadas por equipe de entrevistadores previamente treinada e identificada, observando-se critérios de elegibilidade do respondente, quais sejam: ter 16 anos ou mais, residir no Estado do Maranhão e possuir título eleitoral válido, estando, portanto, apto a votar. ";"O desenho amostral adotado é do tipo misto com uso conglomerados em dois estágios e estratificado. No primeiro estágio, os municípios do estado são estratificados por regiões geográficas (Norte, Sul, Leste, Oeste, Central e Grande Ilha), com alocação proporcional ao tamanho do eleitorado, conforme dados mais recentes do Tribunal Superior Eleitoral (TSE). Dentro de cada estrato, são sorteados municípios auto representativos e não auto representativos, estes últimos selecionados com probabilidade proporcional ao tamanho (PPT). No segundo estágio, dentro dos municípios sorteados, são definidos conglomerados de coleta, compreendendo bairros ou áreas de grande circulação (pontos de fluxo), selecionados de forma aleatória ou sistemática. Nesses conglomerados, os entrevistadores realizam abordagens presenciais de eleitores, tanto em domicílios quanto em pontos de fluxo previamente definidos. A seleção do respondente respeita regras objetivas de abordagem (por exemplo, intervalo fixo de domicílios ou abordagem do próximo transeunte elegível. Após a finalização do trabalho de campo, os dados coletados são comparados aos quantitativos populacionais e se necessário submetidos a procedimento de ponderação estatística (pós-estratificação), com o objetivo de ajustar a amostra às distribuições conhecidas do eleitorado estadual segundo sexo, faixa etária, escolaridade, renda familiar e religião do entrevistado, com base nas informações oficiais do Tribunal Superior Eleitoral (TSE-2026) e do Instituto Brasileiro de Geografia e Estatística (IBGE-2022). Esse procedimento visa corrigir eventuais desequilíbrios amostrais decorrentes do uso combinado de entrevistas domiciliares e em pontos de fluxo, assegurando a representatividade dos resultados em relação ao universo pesquisado. 
GÊNERO: Masculino (48,07%); Feminino (51,93%); GÊNERO e FAIXA ETÁRIA: Feminino 16 a 24 anos (16,29%); 25 a 29 anos (10,86%); 30 a 49 anos (40,10%); 50 anos ou mais (32,74%); Masculino 16 a 24 anos (17,43%); 25 a 29 anos (10,94%); 30 a 49 anos (39,94%); 50 anos ou mais (31,69%) GÊNERO e GRAU DE INSTRUÇÃO: Feminino até a 4°série do Ensino Fundamental (35,47%); 5° a 8° série do Ensino Fundamental (23,56%); Ensino Médio (29,60%); Ensino Superior (11,37%) Masculino até a 4°série do Ensino Fundamental (43,57%); 5°a 8° série do Ensino Fundamental (25,29%); Ensino Médio (24,07%); Ensino Superior (7,07%) RENDA MENSAL: Até 1 salário 64,84%; Mais de 1 a 2 salários 25,77%; Mais de 2 salários 9,39%. 
RELIGIÃO: Católica (72,95%), Evangélica (19,36%), Outras (7,19%), Não sabe / Não opinou (0,50%) O nível de confiança estimado é de 95% e a margem de erro máxima é de 3,03%. FONTE DOS DADOS: IBGE 2022 | TSE 2026 Número de questionários aplicados, margem de erro e nível de confiança; A pesquisa foi realizada com 2588 entrevistas. O tamanho da amostra foi dimensionado para garantir estimativas com nível de confiança de 95% e erro amostral máximo de aproximadamente 3,03 pontos percentuais, considerando agora a natureza multicategórica da pergunta de intenção de voto. Assim, para cada percentual estimado individualmente, pode-se afirmar que, com 95% de confiança, o valor real na população pode diferir do valor observado na amostra em até aproximadamente 3,03 pontos percentuais. ";"O controle da qualidade da coleta de dados é realizado por meio de procedimentos contínuos de supervisão e auditoria interna, aplicados em todas as etapas do trabalho de campo. Todos os questionários passam por conferência técnica obrigatória, destinada à verificação de consistência, completude das respostas e adequação ao plano amostral previamente definido. Adicionalmente, é realizada verificação independente em, no mínimo, 20% das entrevistas, selecionadas de forma aleatória, por meio de recontato telefônico ou visita de retorno ao domicílio, conforme a natureza da entrevista originalmente realizada. Esse procedimento tem por finalidade confirmar a realização da entrevista, a elegibilidade do respondente e a fidelidade das informações registradas. Para a execução da pesquisa, é mobilizada uma equipe composta por entrevistadores de campo, supervisores regionais e coordenação geral, todos previamente treinados quanto aos procedimentos metodológicos, éticos e operacionais do levantamento. Os supervisores realizam acompanhamento direto e indireto das equipes, incluindo observação em campo, checagem de rotas e validação diária dos questionários coletados. A coordenação geral é responsável pela consolidação das informações, pelo monitoramento do cumprimento do plano amostral e pela adoção de medidas corretivas sempre que identificadas inconsistências ou desvios nos procedimentos de coleta. ";"SOMA DE ENTREVISTADOS POR LOCALIDADE
Período: 24/04/2026 Á 02/05/2026


LOCALIDADE	TOTAL
Açailândia	64
Alto Alegre do Pindaré	20
Anapurus	12
Apicum-Açu	14
Araioses	28
Arame	20
Axixá	12
Bacabal	65
Bacabeira	14
Balsas	64
Barra do Corda	50
Barreirinhas	44
Bom Lugar	12
Buriticupu	36
Campestre do Maranhão	12
Capinzal do Norte	12
Caxias	96
Chapadinha	48
Codó	68
Colinas	30
Coroatá	40
Dom Pedro	20
Esperantinópolis	16
Fortaleza dos Nogueiras	14
Fortuna	12
Gonçalves Dias	18
Governador Luiz Rocha	12
Grajaú	48
Icatu	20
Imperatriz	170
Itapecuru-Mirim	40
Lago da Pedra	30
Lagoa do Mato	12
Magalhães de Almeida	14
Mirador	18
Morros	18
Paço do Lumiar	76
Passagem Franca	18
Pastos Bons	16
Pedreiras	30
Pedro do Rosário	18
Pindaré Mirim	24
Pinheiro	56
Pio XII	20
Poção de Pedras	14
Presidente Dutra	32
Presidente Juscelino	12
Riachão	14
Rosário	28
Santa Helena	20
Santa Inês	50
Santa Luzia	40
São Bernardo	20
São Domingos do Maranhão	30
São João Batista	18
São José de Ribamar	92
São Luis	442
São Mateus	30
São Roberto	10
Sítio Novo	16
Timon	102
Tuntum	28
Tutóia	41
Viana 	38
Zé Doca	30
MÉDIA GERAL	2588
"
"01/09/2026";"05:46:44";2026;81;"Eleições Gerais 2026";"MA";"MA";"MARANHÃO";"MA016322026";"2026-08-07 23:04:20";"N";"27844225000180";"VERITAS PLANEJAMENTO E ASSESSORIA LTDA";"VERITAS PLANEJAMENTO";"Governador, Senador";"2026-08-08 00:00:00";"2026-08-11 00:00:00";"2026-08-13 00:00:00";1000;"9137-A";"Erika Cristina Ferreira";"80000,00";"Trata-se de uma pesquisa quantitativa realizada por meio de entrevistas, com aplicação de questionário estruturado a uma amostra representativa do eleitorado em estudo. A pesquisa foi conduzida no Estado do Maranhão (MA).";"A amostra é representativa do eleitorado da área pesquisada e foi elaborada em três estágios.
No primeiro estágio, realiza-se o sorteio probabilístico dos municípios onde serão conduzidas as entrevistas, utilizando o método PPT (Probabilidade Proporcional ao Tamanho). Para essa seleção, considera-se como base a população eleitora residente nos municípios com 16 anos ou mais.
No segundo estágio, é realizado o sorteio probabilístico das localidades dentro dos municípios previamente selecionados, também por meio do método PPT (Probabilidade Proporcional ao Tamanho), tomando como referência a população eleitora com 16 anos ou mais residente nessas localidades.
No terceiro e último estágio, dentro das localidades sorteadas, os entrevistados são selecionados por meio de cotas amostrais proporcionais, definidas a partir de variáveis consideradas relevantes, conforme descrito a seguir:
GÊNERO:
Feminino: 51,92%;
Masculino: 48,08%.
(Fonte: TSE, Julho/2026 -- https://sig.tse.jus.br/ords/dwapr/r/seai/sig-eleitor-eleitorado-mensal/perfil-do-eleitorado-mensal?session=19870699363736)
FAIXA ETÁRIA:
16 a 17 anos: 2,14%;
18 a 24 anos: 14,92%;
25 a 34 anos: 20,63%;
35 a 44 anos: 20,48%;
45 a 59 anos: 22,99%;
60 anos ou mais: 18,85%.
(Fonte: TSE, Julho/2026 -- https://sig.tse.jus.br/ords/dwapr/r/seai/sig-eleitor-eleitorado-mensal/cruzamento-eleitorado-mensal?p24_cruzamento_1=ds_faixa_etaria&p24_metricas=E&p24_back=22&clear=24&session=19870699363736)
ESCOLARIDADE:
Analfabeto/Lê e Escreve: 18,30%;
Ensino Fundamental Completo: 5,50%;
Ensino Fundamental Incompleto: 20,50%;
Ensino Médio Completo: 26,84%;
Ensino Médio Incompleto: 19,59%;
Ensino Superior Completo: 6,06%;
Ensino Superior Incompleto: 3,22%.
(Fonte: TSE, Julho/2026 -- https://sig.tse.jus.br/ords/dwapr/r/seai/sig-eleitor-eleitorado-mensal/cruzamento-eleitorado-mensal?p24_cruzamento_1=ds_grau_instrucao&p24_metricas=E&p24_back=22&clear=24&session=19870699363736)
RENDA DOMICILIAR MENSAL:
Sem rendimento mensal: 7,98%;
Até ½ Salário Mínimo: 13,71%;
De ½ a 1 Salário Mínimo: 21,95%;
Entre 1 e 2 Salários Mínimos: 27,15%;
Entre 2 e 5 Salários Mínimos: 20,82%;
De 5 a 10 Salários Mínimos: 5,56%;
De 10 a 20 Salários Mínimos: 1,99%;
Mais de 20 Salários Mínimos: 0,85%.
(Fonte: IBGE (Censo/2010) -- https://cidades.ibge.gov.br/brasil/ma/pesquisa/23/24304?detalhes=true )
Observação: De acordo com o Instituto Brasileiro de Geografia e Estatística (IBGE), ainda não há previsão de divulgação do perfil econômico da população brasileira com base no Censo 2022. Dessa forma, os dados referentes ao nível econômico provenientes desse censo ainda não podem ser utilizados, pois não foram publicados.
Está prevista a realização de ponderação para correção das variáveis sexo e idade, com base nos percentuais apresentados anteriormente, caso sejam observadas diferenças superiores a três pontos percentuais entre a distribuição prevista na amostra e aquela obtida na coleta de dados. Para as variáveis grau de instrução e nível econômico do entrevistado, o fator de ponderação previsto é igual a 1, ou seja, serão utilizados os resultados observados em campo.
O nível de confiança estimado para os resultados é de 95%, e a margem de erro máxima estimada, considerando um modelo de amostragem aleatória simples, é de aproximadamente 3(três) pontos percentuais para mais ou para menos sobre os resultados observados para o total da amostra.

";"A coleta de dados é acompanhada por supervisores responsáveis pelo monitoramento das atividades de campo. Além disso, 30% (trinta por cento) dos questionários são selecionados aleatoriamente para verificação posterior, por meio de ligações telefônicas realizadas para os números informados nos formulários. Em caso de inconsistências ou dúvidas, o questionário é descartado e o entrevistador é convocado para prestar esclarecimentos.";"O detalhamento dos municípios e bairros contemplados na pesquisa será apresentado em arquivo anexo. Nos casos em que não houver delimitação específica do bairro, será indicada a área onde a entrevista foi realizada, conforme disposto no §7º do art. 2º da Resolução-TSE nº 23.600/2019. "
"01/09/2026";"05:46:44";2026;81;"Eleições Gerais 2026";"MA";"MA";"MARANHÃO";"MA075722026";"2026-08-25 17:40:04";"N";"10320449000190";"M D C LEMOS LTDA";"INOP PREVISAO PESQUISAS SERVICOS E PUBLICIDADES";"Governador, Senador, Deputado Federal, Deputado Estadual";"2026-08-19 00:00:00";"2026-08-26 00:00:00";"2026-08-31 00:00:00";2600;"8747";"VITOR EMMANUEL BOUCAS DA SILVA";"48000,00";"A pesquisa sendo realizada em âmbito estadual, abrangendo eleitores residentes nas zonas urbana e rural dos municípios do Estado do Maranhão, por meio de entrevistas presenciais, conduzidas tanto em domicílios quanto em pontos de fluxo populacional (tais como vias públicas, áreas comerciais, terminais de transporte, praças e locais de grande circulação), relacionando-as aos bairros ou povoados de moradia, mediante aplicação de questionário estruturado com perguntas abertas e fechadas. As entrevistas são realizadas por equipe de entrevistadores previamente treinada e identificada, observando-se critérios de elegibilidade do respondente, quais sejam: ter 16 anos ou mais, residir no Estado do Maranhão e possuir título eleitoral válido, estando, portanto, apto a votar.";"O desenho amostral adotado é do tipo misto com uso de conglomerados em dois estágios e estratificado. No primeiro estágio, os municípios do estado são estratificados por regiões geográficas (Norte, Sul, Leste, Oeste, Central e Grande Ilha), com alocação proporcional ao tamanho do eleitorado, conforme dados mais recentes do Tribunal Superior Eleitoral (TSE). Dentro de cada estrato, são sorteados municípios auto representativos e não auto representativos, estes últimos selecionados com probabilidade proporcional ao tamanho (PPT).
No segundo estágio, dentro dos municípios sorteados, são definidos conglomerados de coleta, compreendendo bairros ou áreas de grande circulação (pontos de fluxo), selecionados de forma aleatória ou sistemática. Nesses conglomerados, os entrevistadores realizam abordagens presenciais de eleitores, tanto em domicílios quanto em pontos de fluxo previamente definidos. A seleção do respondente respeita regras objetivas de abordagem (por exemplo, intervalo fixo de domicílios ou abordagem do próximo transeunte elegível). Após a finalização do trabalho de campo, os dados coletados são comparados aos quantitativos populacionais e se necessário submetidos a procedimento de ponderação estatística (pós-estratificação), com o objetivo de ajustar a amostra às distribuições conhecidas do eleitorado estadual segundo gênero, faixa etária, grau de instrução e renda domiciliar, com base nas informações oficiais do Tribunal Superior Eleitoral (TSE-2026) e do Instituto Brasileiro de Geografia e Estatística (IBGE-2022). Esse procedimento visa corrigir eventuais desequilíbrios amostrais decorrentes do uso combinado de entrevistas domiciliares e em pontos de fluxo, assegurando a representatividade dos resultados em relação ao universo pesquisado.

GÊNERO: Masculino (48,08%); Feminino (51,92%);

GÊNERO e FAIXA ETÁRIA: Feminino 16 a 24 anos (16,59%); 25 a 29 anos (10,68%); 30 a 49 anos (39,81%); 50 anos ou mais (32,93%); Masculino 16 a 24 anos (17,73%); 25 a 29 anos (10,79%); 30 a 49 anos (39,64%); 50 anos ou mais (31,85%)

GÊNERO e GRAU DE INSTRUÇÃO: Feminino Até a 4°série do Ensino Fundamental (34,93%); 5° a 8° série do Ensino Fundamental (24,22%); Ensino Médio (29,49%); Ensino Superior (11,37%)
Masculino Até a 4°série do Ensino Fundamental (42,97%); 5°a 8° série do Ensino Fundamental (26,02%); Ensino Médio (23,98%); Ensino Superior (7,03%)

RENDA DOMICILIAR: Até 1 salário 38%; Mais de 1 a 2 salários 27%; Mais de 2 salários 35%.

O nível de confiança estimado é de 95% e a margem de erro máxima é de 3,02%. FONTE DOS DADOS: IBGE 2022 | TSE 2026
";"



Número de questionários aplicados, margem de erro e nível de confiança;

Pesquisa realizada com 2600 entrevistas. O tamanho da amostra foi dimensionado para garantir estimativas com nível de confiança de 95% e erro amostral máximo de aproximadamente 3,02 pontos percentuais, considerando agora a natureza multicategórica da pergunta de intenção de voto. Assim, para cada percentual estimado individualmente e que contabilize o total da amostra, pode-se afirmar que, com 95% de confiança, o valor real na população pode diferir do valor observado na amostra em até aproximadamente 3,02 pontos percentuais.


Sistema interno de controle e verificação, conferência e fiscalização da coleta de dados e do trabalho de campo:
O controle da qualidade da coleta de dados é realizado por meio de procedimentos contínuos de supervisão e auditoria interna, aplicados em todas as etapas do trabalho de campo. Todos os questionários passam por conferência técnica obrigatória, destinada à verificação de consistência, completude das respostas e adequação ao plano amostral previamente definido.
Adicionalmente, é realizada verificação independente em, no mínimo, 20% das entrevistas, selecionadas de forma aleatória, por meio de recontato telefônico ou visita de retorno ao domicílio, conforme a natureza da entrevista originalmente realizada. Esse procedimento tem por finalidade confirmar a realização da entrevista, a elegibilidade do respondente e a fidelidade das informações registradas.
Para a execução da pesquisa, é mobilizada uma equipe composta por entrevistadores de campo, supervisores regionais e coordenação geral, todos previamente treinados quanto aos procedimentos metodológicos, éticos e operacionais do levantamento. Os supervisores realizam acompanhamento direto e indireto das equipes, incluindo observação em campo, checagem de rotas e validação diária dos questionários coletados.
A coordenação geral é responsável pela consolidação das informações, pelo monitoramento do cumprimento do plano amostral e pela adoção de medidas corretivas sempre que identificadas inconsistências ou desvios nos procedimentos de coleta.


";"#NULO#"
"01/09/2026";"05:46:44";2026;81;"Eleições Gerais 2026";"MA";"MA";"MARANHÃO";"MA023642026";"2026-07-27 21:22:19";"S";"55536013000171";"M R BORGES PROMOCOES";"VOX BRASIL PUBLICIDADE MARKETING";"Governador, Senador, Deputado Federal, Deputado Estadual";"2026-07-28 00:00:00";"2026-07-29 00:00:00";"2026-08-02 00:00:00";450;"10394";"FILIPE MOREIRA MARTINE";"2500,00";"Metodologia de pesquisa:
Pesquisa quantitativa com coleta aleatória via questionário estruturado e pós-estratificação da amostra de acordo com as características do eleitorado no município de COROATÁ no Estado do Maranhão com 450 entrevistas
";"Plano amostral e ponderação quanto a sexo, idade, grau de instrução e nível econômico do entrevistado; intervalo de confiança e margem de erro:
Amostra aleatória pós-estratificada com quotas proporcionais, representando características do eleitorado de Maranhão: SEXO: Masculino: 48.3%; Feminino: 51.7%. FAIXA ETÁRIA: Entre 16 a 24 anos: 19.7%; Entre 25 a 34 anos: 18.8%; Entre 35 a 44 anos: 20.3%; Entre 45 a 59 anos: 21.0%; 60 ou mais: 20.2%. ESCOLARIDADE: Ensino Fundamental completo ou incompleto e eleitores sem educação formal: 53.0%; Ensino Médio completo ou incompleto: 41.3%; Ensino Superior completo ou incompleto: 5.7%. NÍVEL ECONÔMICO: Renda individual mensal até 1 Salário Mínimo (Até R$ 1.612,00): 79.2%; Mais de 1 SM até 2 Salários Mínimos (Entre R$ 1.612,01 até R$ 3.224,00): 12.9%; Acima de 2 SM (Acima de R$ 3.224,00) 7.9%. OBS.: devido ao arredondamento, a soma dos percentuais pode variar de 99% a 101%. Para cada variável de ponderação, serão admissíveis desvios de até 4.8 pontos percentuais em relação às quotas estipuladas. Confiança estimada: 95%, margem de erro: +/- 4.8 pontos percentuais. FONTE 
DOS DADOS: Sexo, Idade e Escolaridade via TSE 2026 e CENSO IBGE 2022 para nível econômico.
";"Sistema interno de controle e verificação, conferência e fiscalização da coleta de dados e do trabalho de campo:
Coleta feita com a utilização de questionário com procedimentos específicos e armazenamento dos dados. São checados manualmente no mínimo até o limite de 20% dos questionários para detecção de possíveis desvios de informação. Nossos Coordenadores especialistas realizam internamente uma verificação da consistência dos dados antes da divulgação dos resultados finais.
";"Dados relativos aos municípios e bairros abrangidos pela pesquisa. Na ausência de delimitação do bairro, será identificada a área em que foi realizada a pesquisa (conforme §7º. do art. 2º. da Resolução-TSE nº. 23.600/2019, A partir do dia em que a pesquisa for divulgada e até o dia seguinte, o registro deverá ser complementado, sob pena de ser a pesquisa considerada não registrada; na ausência de delimitação do bairro, será identificada a área em que foi realizada):
BAIRROS: 
POVOADOS:VILA SETE SETEMBRO-PAU ESTOPA-BACABALZINHO-MACAUBA-SÃO BENEDITO-BARRIGUDA
"
"01/09/2026";"05:46:44";2026;81;"Eleições Gerais 2026";"MA";"MA";"MARANHÃO";"MA043112026";"2026-07-02 20:58:25";"S";"22345021000181";"REAL TIME MIDIA LTDA";"REAL TIME BIG DATA";"Governador, Senador";"2026-07-06 00:00:00";"2026-07-07 00:00:00";"2026-07-08 00:00:00";1600;"10839";"Isabela Zara Cremoneze";"64000,00";"Pesquisa quantitativa, que consiste na realização de entrevistas com eleitores do universo a ser explorado, feitas em combinação mista por entrevistadores humanos e recursos de inteligência artificial, com a aplicação de questionário estruturado com abordagens telefônicas e digitais junto a uma amostra representativa do eleitorado em estudo. Pesquisa realizada no Estado do Maranhão.";"Representativo do eleitorado da área em estudo, elaborada em três estágios. 
No primeiro estágio, realiza-se um sorteio probabilístico dos municípios onde as entrevistas serão realizadas, pelo método PPT (Probabilidade Proporcional ao Tamanho), tomando a população eleitora de 16 anos ou mais residente nos municípios como base para essa seleção.
No segundo estágio, efetua-se um sorteio probabilístico das localidades dentro dos municípios selecionados, também pelo método PPT (Probabilidade Proporcional ao Tamanho), considerando a população eleitora de 16 anos ou mais residente nessas localidades como base para a seleção.
No terceiro e último estágio, dentro das localidades sorteadas, os respondentes são selecionados por meio de quotas amostrais proporcionais, em função de variáveis significativas, a saber:

GÊNERO:
Feminino: 51,92%;
Masculino: 48,08%.
(Fonte: TSE, Junho/2026 -- https://sig.tse.jus.br/ords/dwapr/r/seai/sig-eleitor-eleitorado-mensal/perfil-do-eleitorado-mensal?session=19870699363736)
FAIXA ETÁRIA:
16 anos: 1,01%;
17 anos: 1,47%;
18 a 20 anos: 6,37%;
21 a 24 anos: 8,66%;
25 a 34 anos: 20,64%;
35 a 44 anos: 20,49%;
45 a 59 anos: 22,81%;
60 a 69 anos: 10,04%;
70 a 79 anos: 5,82%;
Superior a 79 anos: 2,69%.
(Fonte: TSE, Junho/2026 -- https://sig.tse.jus.br/ords/dwapr/r/seai/sig-eleitor-eleitorado-mensal/cruzamento-eleitorado-mensal?p24_cruzamento_1=ds_faixa_etaria&p24_metricas=E&p24_back=22&clear=24&session=19870699363736)
ESCOLARIDADE:
Analfabeto: 7,25%;
Lê e Escreve: 11,05%;
Ensino Fundamental Incompleto: 20,50%;
Ensino Fundamental Completo: 5,50%;
Ensino Médio Incompleto: 19,59%;
Ensino Médio Completo: 26,84%;
Ensino Superior Incompleto: 3,22%;
Ensino Superior Completo: 6,06%.
(Fonte: TSE, Junho/2026 -- https://sig.tse.jus.br/ords/dwapr/r/seai/sig-eleitor-eleitorado-mensal/cruzamento-eleitorado-mensal?p24_cruzamento_1=ds_grau_instrucao&p24_metricas=E&p24_back=22&clear=24&session=19870699363736)
RENDA DOMICILIAR MENSAL:
Sem rendimento: 7,98%;
Até 1/2 Salário Mínimo: 13,71%;
Mais de 1/2 a 1 Salário Mínimo: 21,95%;
Mais de 1 a 2 Salários Mínimos: 27,15%;
Mais de 2 a 5 Salários Mínimos: 20,82%;
Mais de 5 a 10 Salários Mínimos: 5,56%;
Mais de 10 a 20 Salários Mínimos: 1,99%;
Mais de 20 Salários Mínimos: 0,85%.
(Fonte: IBGE (Censo/2010) -- https://cidades.ibge.gov.br/brasil/ma/pesquisa/23/24304?detalhes=true )

Observação: De acordo com informações do Instituto Brasileiro de Geografia e Estatística (IBGE), não há previsão de data para a divulgação do perfil econômico da população brasileira do CENSO 2022. Portanto, os dados sobre o nível econômico obtidos no Censo 2022 não podem ser utilizados, pois ainda não foram publicados.
Está prevista eventual ponderação para correção das variáveis sexo e idade, com base nos percentuais anteriormente mencionados, caso ocorram diferenças superiores a 3 pontos percentuais entre o previsto na amostra e a coleta de dados realizada. Para as variáveis de grau de instrução e nível econômico do entrevistado, o fator previsto para ponderação é 1 (resultados obtidos em campo). O nível de confiança estimado é de 95% e a margem de erro máxima estimada considerando um modelo de amostragem aleatório simples, é de aproximadamente 2 (dois) pontos percentuais para mais ou para menos sobre os resultados encontrados no total da amostra.
";"O trabalho de coleta de dados é acompanhado por supervisores humanos. São selecionados aleatoriamente 15% (quinze por cento) dos questionários para uma verificação posterior e, em caso de dúvida, o formulário é descartado e o responsável pela coleta chamado para esclarecimentos. Há uma equipe especializada que confere os dados à exaustão com objetivo de averiguar e aferir os resultados coletados";"O anexo do arquivo com os bairros será realizado até o dia seguinte da divulgação conforme indicado no §7º. do art. 2º. da Resolução-TSE nº. 23.600/2019."
"01/09/2026";"05:46:44";2026;81;"Eleições Gerais 2026";"MA";"MA";"MARANHÃO";"MA032512026";"2026-06-03 00:00:00";"N";"55536013000171";"M R BORGES PROMOCOES";"VOX BRASIL PUBLICIDADE MARKETING";"Governador, Senador, Deputado Federal";"2026-06-02 00:00:00";"2026-06-03 00:00:00";"2026-06-09 00:00:00";300;"10394";" FILIPI MOREIRA MARTINE";"2800,00";"Metodologia de pesquisa:
Pesquisa quantitativa com coleta aleatória via questionário estruturado e pós-estratificação da
amostra de acordo com as características do eleitorado no município de AFONSO CUNHA no
Estado do Maranhão com 300 entrevistas.";"Plano amostral e ponderação quanto a sexo, idade, grau de instrução e nível econômico
do entrevistado; intervalo de confiança e margem de erro:
Amostra aleatória pós-estratificada com quotas proporcionais, representando características do
eleitorado de Maranhão: SEXO: Masculino: 52.5%; Feminino: 47.5%. FAIXA ETÁRIA: Entre 16 a
24 anos: 25.1%; Entre 25 a 34 anos: 22.5%; Entre 35 a 44 anos: 19.1%; Entre 45 a 59 anos:
18.5%; 60 ou mais: 14.8%. ESCOLARIDADE: Ensino Fundamental completo ou incompleto e
eleitores sem educação formal: 60.0%; Ensino Médio completo ou incompleto: 34.0%; Ensino
Superior completo ou incompleto: 6.0%. NÍVEL ECONÔMICO: Renda individual mensal até 1
Salário Mínimo (Até R$ 1.612,00): 73.9%; Mais de 1 SM até 2 Salários Mínimos (Entre R$
1.612,01 até R$ 3.224,00): 17.2%; Acima de 2 SM (Acima de R$ 3.224,00) 8.9%. OBS.: devido
ao arredondamento, a soma dos percentuais pode variar de 99% a 101%. Para cada variável de
ponderação, serão admissíveis desvios de até 5.6 pontos percentuais em relação às quotas
estipuladas. Confiança estimada: 95%, margem de erro: +/- 5.6 pontos percentuais. FONTE
DOS DADOS: Sexo, Idade e Escolaridade via TSE 2026 e CENSO IBGE 2022 para nível
econômico.
";"Sistema interno de controle e verificação, conferência e fiscalização da coleta de dados e
do trabalho de campo:
Coleta feita com a utilização de questionário com procedimentos específicos e armazenamento
dos dados. São checados manualmente no mínimo até o limite de 20% dos questionários para
detecção de possíveis desvios de informação. Nossos Coordenadores especialistas realizam
internamente uma verificação da consistência dos dados antes da divulgação dos resultados
finais.
";"Dados relativos aos municípios e bairros abrangidos pela pesquisa. Na ausência de
delimitação do bairro, será identificada a área em que foi realizada a pesquisa (conforme §7º. do
art. 2º. da Resolução-TSE nº. 23.600/2019, A partir do dia em que a pesquisa for divulgada e até
o dia seguinte, o registro deverá ser complementado, sob pena de ser a pesquisa considerada
não registrada; na ausência de delimitação do bairro, será identificada a área em que foi
realizada):"
"01/09/2026";"05:46:44";2026;81;"Eleições Gerais 2026";"MA";"MA";"MARANHÃO";"MA021712026";"2026-08-19 22:27:16";"N";"49237968000125";"N C L DE CARVALHO";"EPO - ESTRATEGIA PESQUISAS DE OPINIAO";"Governador, Senador";"2026-08-19 00:00:00";"2026-08-24 00:00:00";"2026-08-25 00:00:00";2000;"8532";"HILDETE ALVES DA COSTA";"40000,00";"Pesquisa do tipo quantitativa, realizada por meio de questionário estruturado, aplicado presencialmente, de porta em porta, contendo questões abertas e fechadas, junto a uma amostra representativa do eleitorado do Estado do Maranhão.
A pesquisa utiliza plano amostral estruturado para assegurar adequada distribuição geográfica e sociodemográfica da amostra, considerando as características do eleitorado maranhense e os parâmetros definidos para o estudo.
";"Para assegurar adequada representatividade territorial e sociodemográfica do eleitorado da área em estudo, o plano amostral foi estruturado em três estágios de seleção, envolvendo municípios, setores censitários e, no estágio final, domicílios e entrevistados.
I ? UNIVERSO E AMOSTRA
O universo é constituído pelos eleitores do Estado do Maranhão, conforme dados oficiais do Tribunal Superior Eleitoral (TSE), considerando-se 5.188.155 eleitores.
A amostra compreende 2.000 entrevistas, distribuídas de forma a representar a composição geográfica e sociodemográfica do eleitorado maranhense.

1º ESTÁGIO ? SELEÇÃO DOS MUNICÍPIOS
Os municípios foram selecionados pelo método PPT ? Probabilidade Proporcional ao Tamanho, utilizando como medida de tamanho o eleitorado de cada município, conforme dados do TSE.
Municípios com 30 mil eleitores ou mais foram incluídos automaticamente, respeitando-se sua participação proporcional nas regiões de planejamento da pesquisa. Os demais foram selecionados probabilisticamente, buscando assegurar a representação das diferentes regiões do Estado.
2º ESTÁGIO ? SETORES CENSITÁRIOS
Nos municípios selecionados, foram sorteados setores censitários com referência na distribuição territorial da população, assegurando dispersão geográfica da amostra. A área física de realização da pesquisa corresponde aos municípios e respectivos setores censitários selecionados no Estado do Maranhão.

3º ESTÁGIO ? DOMICÍLIOS E ENTREVISTADOS
Nos setores selecionados, as entrevistas serão realizadas em domicílios, com seleção dos entrevistados mediante cotas proporcionais de gênero, faixa etária, grau de instrução e nível econômico.
A combinação da seleção probabilística de municípios e setores com o controle das cotas sociodemográficas busca assegurar adequada distribuição territorial e maior aderência entre o perfil da amostra e o eleitorado pesquisado.





PERCENTUAL DAS VARIÁVEIS A SABER:

GÊNERO: 
Masculino: 48,1%
Feminino: 51,9% 

FAIXA ETÁRIA: 
Entre 16 e 24 anos: 17,1% 
Entre 25 e 34 anos: 20,6% 
Entre 35 e 44 anos: 20,5%
Entre 45 e 59 anos: 23,0% 
Mais de 60 anos: 18,8% 

GRAU DE INSTRUÇÃO: 
Analfabeto, lê e escreve: 18,3% 
Ensino Fundamental Completo e Incompleto: 26,0% 
Ensino Médio Completo e Incompleto: 46,4% 
Ensino Superior Completo e Incompleto: 9,3% 

NÍVEL ECONÔMICO: 
Até 1 Salário Mínimo: 37,7% 
Mais de 1 até 2 Salários Mínimos: 27,2% 
Mais de 2 até 5 Salários Mínimos: 24,7% 
Acima de 5 Salários Mínimos: 10,4%


Está prevista eventual ponderação pós-estratificada das variáveis gênero e faixa etária caso sejam verificadas diferenças superiores a 3 pontos percentuais entre a distribuição prevista no plano amostral e a composição efetivamente obtida na coleta de dados.
Caso seja necessária a ponderação, os fatores serão calculados considerando a relação entre a proporção de referência de cada categoria e a proporção efetivamente observada na amostra.
Para as variáveis grau de instrução e nível econômico do entrevistado, não está prevista ponderação posterior, sendo atribuído fator de ponderação igual a 1, correspondente aos resultados obtidos em campo.

INTERVALO DE CONFIANÇA E MARGEM DE ERRO
Considerando um universo de 5.188.155 eleitores e uma amostra de 2.000 entrevistas, o nível de confiança adotado é de 95%.
A margem de erro máxima estimada é de 2,19 pontos percentuais, para mais ou para menos, considerando-se um modelo de amostragem aleatória simples (AAS) e situação de máxima variabilidade dos resultados.
.

https://sig.tse.jus.br/ords/dwapr/r/seai/sig-eleitor-eleitorado-mensal/perfil-do-eleitorado-mensal?p0_uf=MA&session=10117980383348
https://sidra.ibge.gov.br/tabela/10296 (IBGE/2022 - atualizado em 09/10/2025)
Variáveis dos microdados da PNAD
 .
FONTE DE DADOS: Censo IBGE 2010, 2022 e 2025. | PNAD | TSE/AGOSTO/2026.

";"EQUIPE DE CAMPO E CONTROLE DE QUALIDADE
Para a realização da pesquisa, foi utilizada uma equipe de entrevistadores, coordenadores e supervisores de campo devidamente capacitada e treinada pela EPO ? Estratégia Pesquisas de Opinião, seguindo rigorosamente os procedimentos metodológicos e operacionais estabelecidos para a coleta dos dados.
Durante o trabalho de campo, os pesquisadores são identificados por meio de colete e crachá institucional da empresa, em conformidade com as normas e procedimentos aplicáveis à atividade de pesquisa de opinião, observando-se as diretrizes da ABEP ? Associação Brasileira de Empresas de Pesquisa (Filiação nº 466).
O trabalho de campo é acompanhado diretamente pelos coordenadores e supervisores de campo, responsáveis pelo acompanhamento das equipes, pela orientação dos pesquisadores e pela verificação do cumprimento dos procedimentos metodológicos estabelecidos.
A realização das entrevistas também é acompanhada por meio de sistema de geolocalização (GPS), permitindo o monitoramento dos locais de aplicação e contribuindo para o controle, a segurança e a integridade do trabalho de campo.
FISCALIZAÇÃO E AUDITORIA DAS ENTREVISTAS
A EPO adota um sistema de controle e auditoria de 100% dos questionários aplicados. Dessa forma, todos os questionários, sem exceção, são submetidos a procedimentos de checagem e validação pela equipe de controle de qualidade, não sendo utilizada apenas uma amostra para fins de fiscalização.
Após a sincronização dos questionários com a plataforma de pesquisa, a equipe responsável no escritório realiza a checagem individual de cada entrevista, verificando a correta aplicação do instrumento, a consistência das informações coletadas e a aderência do entrevistado às cotas amostrais previamente estabelecidas.
Paralelamente, os coordenadores e supervisores de campo realizam verificações presenciais durante a coleta, acompanhando o trabalho dos entrevistadores, orientando as equipes e conferindo o cumprimento dos procedimentos metodológicos e operacionais definidos pela empresa.
A fiscalização ocorre de forma contínua e integrada entre as equipes de campo e o escritório, permitindo a identificação e correção de eventuais inconsistências, erros de aplicação ou desvios dos parâmetros estabelecidos.
O controle de 100% dos questionários constitui uma das etapas fundamentais do processo de garantia da qualidade da EPO, proporcionando maior rigor, confiabilidade e segurança aos dados utilizados na análise dos resultados.
PROTEÇÃO E SEGURANÇA DOS DADOS
A EPO ? Estratégia Pesquisas de Opinião adota procedimentos de proteção e segurança das informações coletadas, em conformidade com a Lei Geral de Proteção de Dados Pessoais (LGPD ? Lei nº 13.709/2018), buscando garantir o tratamento adequado, a confidencialidade e a segurança dos dados obtidos durante a realização da pesquisa.
RANDOMIZAÇÃO DOS CENÁRIOS ESTIMULADOS
Nos cenários estimulados que apresentam nomes de candidatos, a ordem de apresentação dos nomes é definida de forma randômica pelo aplicativo utilizado na coleta, reduzindo possíveis efeitos decorrentes da posição dos nomes e contribuindo para maior neutralidade na apresentação dos estímulos aos entrevistados.
 
";"REGISTRO COMPLEMENTADO

O registro da pesquisa foi devidamente complementado.

Clique abaixo em: ¿Visualizar arquivo com detalhamento de bairros/municípios¿ para acessar as informações complementares."
"01/09/2026";"05:46:44";2026;81;"Eleições Gerais 2026";"MA";"MA";"MARANHÃO";"MA028102026";"2026-08-06 22:16:31";"N";"47425567000173";"IPPI PESQUISAS E CONSULTORIA LTDA";"IPPI - PESQUISAS E CONSULTORIAS";"Governador, Senador, Deputado Federal, Deputado Estadual";"2026-08-06 00:00:00";"2026-08-10 00:00:00";"2026-08-12 00:00:00";1500;"10644";"Antonio Alberto Ibiapina Costa Filho";"60000,00";"Pesquisa quantitativa, do tipo survey, realizada por meio de entrevistas presenciais e domiciliares, com aplicação de questionário estruturado a uma amostra representativa da população votante do estado do Maranhão. O público-alvo é composto por eleitores de 16 anos ou mais residentes na área de abrangência da pesquisa (território do estado do Maranhão), conforme o eleitorado apto registrado pelo TSE.";"O público pesquisado é composto por eleitores de 16 anos ou mais residentes na área de abrangência da pesquisa. Para produzir uma amostra representativa desse público-alvo, utilizamos um desenho amostral por conglomerados que prevê três estágios. No primeiro estágio, é feito um sorteio probabilístico de municípios para comporem a amostra por meio do método PPT (Probabilidade Proporcional ao Tamanho) a partir de suas populações votantes acima de 16 anos. Dentro da lista de municípios sorteados, no segundo estágio, é realizado um sorteio probabilístico por meio do método PPT (Probabilidade Proporcional ao Tamanho) de setores censitários a serem visitados pelos entrevistadores, sorteio que tem como base o total de habitantes residentes nos setores de acordo com dados do Censo de 2022. Por último, são selecionados domicílios e pessoas a serem entrevistadas utilizando-se cotas amostrais para as seguintes variáveis: sexo, idade, renda familiar e escolaridade. O perfil da amostra, definido pelas cotas previstas, é o seguinte: Sexo: Masculino (48%); Feminino (52%). Faixa etária: 16-24 anos (17%); 25-34 anos (21%); 35-44 anos (21%); 45-59 anos (23%); 60 ou mais (18%). Renda domiciliar total: Até 2 salários-mínimos (54%); Mais de 2 a 5 salários-mínimos (36%); Mais de 5 salários-mínimos (10%). Nível de instrução: De analfabeto até Fundamental completo (45%); Médio incompleto ou completo (46%); Superior incompleto ou completo ou mais (9%). Fonte dos dados: TSE ¿ Tribunal Superior Eleitoral (julho/2026); Censo 2022 (IBGE); PNADc Anual 2024. Está prevista eventual ponderação da amostra, para correção de estimativas e das distribuições das variáveis sexo e idade, com base nos percentuais anteriormente mencionados, caso ocorram diferenças entre os percentuais previstos na amostra e a coleta de dados realizada. Dentro do público-alvo anteriormente descrito, serão realizadas 1.500 entrevistas. O nível de confiança das estimativas é de 95% e a margem de erro máxima prevista, usando o cálculo para amostra aleatória simples (AAS) como aproximação, é de cerca de 2,5 pontos percentuais para mais ou para menos em relação aos totais da amostra.";"As entrevistas serão realizadas por uma equipe de entrevistadores devidamente qualificada, com experiência e treinamento em pesquisa de opinião pública. Após a coleta de dados, as entrevistas junto aos respondentes são checadas por meio de procedimentos de consistência. Ao longo e após os trabalhos de campo, é realizada uma fiscalização que consiste na checagem de áudio de uma amostra de 30% dos questionários aplicados, para verificação das respostas e da adequação dos entrevistados aos parâmetros amostrais.";"A área de abrangência da coleta é o território do estado do Maranhão. A relação do número de pessoas pesquisadas nas áreas de aplicação da pesquisa, discriminadas por município, bairros e setores censitários a partir dos identificadores utilizados pelo IBGE, além da composição do eleitorado entrevistado na área de abrangência quanto a gênero, idade, grau de instrução e nível econômico, constará em anexo."
"01/09/2026";"05:46:44";2026;81;"Eleições Gerais 2026";"MA";"MA";"MARANHÃO";"MA018472026";"2026-08-30 21:33:37";"N";"64500153000180";"LAIS CRISTINA RODRIGUES DE OLIVEIRA LTDA";"IPSENSUS PESQUISAS";"Governador, Senador";"2026-08-31 00:00:00";"2026-09-01 00:00:00";"2026-09-05 00:00:00";350;"7655";"AUGUSTO DA SILVA ROCHA";"4000,00";"A pesquisa cobrirá o município envolvendo todas regiões do município de Barreirinhas/MA. Universo da pesquisa será dos eleitores com 16 anos ou mais. A amostra representará os eleitores do Município, selecionados em 2(dois) estágios. No primeiro estágio, os setores censitários, onde as entrevistas serão realizadas, foram selecionadas, probabilisticamente, através do método PPT - Probabilidade Proporcional ao Tamanho, tomando o número de eleitores como base para seleção. No segundo estágio, a seleção do entrevistado, dentro do setor censitário, será feita utilizando-se quotas proporcionais, e a abordagem será domiciliar.";"Utilizamos quotas proporcionais, em função das seguintes variáveis: Gênero: FEMININO 50,47%; MASCULINO 49,53%; Faixa etária: 16 a 24 anos 20,61% ; 25 a 34 anos 22,86% ; 35 a 44 anos 20,69% ; 45 a 59 anos 20,76% ; 60 anos ou mais 15,08% ; Grau de instrução: ANALFABETO 6,92% ; ENSINO FUNDAMENTAL COMPLETO 6,04% ; ENSINO FUNDAMENTAL INCOMPLETO 25,26% ; ENSINO MÉDIO COMPLETO 24,59% ; ENSINO MÉDIO INCOMPLETO 21,45% ; LÊ E ESCREVE 9,56% ; SUPERIOR COMPLETO 4,17% ; SUPERIOR INCOMPLETO 2,00% ; Fonte dos dados: TSE-Tribunal Superior Eleitoral/julho2026; Cruzamento Eleitorado Mensal https://sig.tse.jus.br/ords/dwapr/r/seai/sig-eleitor-eleitorado-mensal/cruzamento-eleitorado-mensal?p24_metricas=E&p24_back=22&p24_cruzamento_1=ds_sexo&clear=24&session=1774743626647 ;
https://sig.tse.jus.br/ords/dwapr/r/seai/sig-eleitor-eleitorado-mensal/cruzamento-eleitorado-mensal?p0_municipio=BARREIRINHAS&p0_uf=MA&session=1774743626647 ;
https://sig.tse.jus.br/ords/dwapr/r/seai/sig-eleitor-eleitorado-mensal/cruzamento-eleitorado-mensal?p24_cruzamento_1=ds_grau_instrucao&p24_metricas=E&p24_back=22&clear=24&session=1774743626647 ;


Ano=2026; Mês = JULHO; UF= MA; MUNICIPIO = Barreirinhas; Renda familiar: Até 1/2 salário mínimo 22,84% ;
Mais de 1/2 a 1 salário mínimo 18,52% ;
Mais de 1 a 2 salários mínimos 24,92% ;
Mais de 2 a 5 salários mínimos 15,53% ;
Mais de 5 a 10 salários mínimos 2,93% ;
Mais de 10 a 20 salários mínimos 0,84% ;
Mais de 20 salários mínimos 0,23% ;
Sem rendimento 14,20% ;


Fonte dos dados: IBGE-Censo 2010-IBGE-CENSO 2022 (IBGE/Censo 2010 - Classe de rendimento nominal mensal domiciliar) ; https://cidades.ibge.gov.br/brasil/ma/barreirinhas/pesquisa/23/24304; ""Está prevista eventual ponderação da amostra para correção das variáveis sexo, idade, renda familiar e escolaridade com base nos percentuais anteriormente mencionados, caso ocorram diferenças entre os percentuais previstos na amostra e a coleta de dados realizada. O nível de confiança estimado é de 95% e a margem de erro máxima prevista, baseada em uma amostra aleatória simples (AAS), é de cerca de 5,2 pontos percentuais para mais ou para menos em relação aos totais da amostra. Nível Econômico: IBGE (Censo/2010) - Observação: Conforme informações obtidas do Instituto Brasileiro de Geografia e Estatística, o IBGE, não divulgou - e não tem previsão - de data para divulgação do perfil econômico (nível econômico) da população brasileira; portanto, os dados quanto ao nível econômico obtidos no Censo 2022, não podem ser utilizados, pois não foram publicados.""";"Para a realização da pesquisa, utiliza-se uma equipe de entrevistadores e supervisores credenciados devidamente treinados pela empresa para esse tipo de pesquisa. Após os trabalhos de campo, 100% dos questionários são criticados e passam por uma fiscalização de cerca de 20% (vinte por cento) dos questionários aplicados por cada entrevistador; para verificação da consistência das respostas e da adequação dos entrevistados aos parâmetros amostrais.";"#NULO#"
"01/09/2026";"05:46:44";2026;81;"Eleições Gerais 2026";"MA";"MA";"MARANHÃO";"MA036882026";"2026-08-30 18:49:05";"N";"81908345000140";"INSTITUTO PARANA DE PESQUISAS E ANALISE DE CONSUMIDOR LTDA";"#NULO#";"Governador, Senador";"2026-09-02 00:00:00";"2026-09-04 00:00:00";"2026-09-05 00:00:00";1200;"10245 - 4ª";"Tatiani Cristina Ara";"120000,00";"Pesquisa com metodologia quantitativa, com a realização de entrevistas pessoais, domiciliares e presenciais, utilizando questionário estruturado junto a uma amostra representativa do eleitorado do Estado do Maranhão.

";"""A amostra será representativa do eleitorado da área pesquisada e será selecionada em três etapas. Na primeira etapa realiza-se um sorteio probabilístico dos municípios onde as entrevistas serão realizadas através do método PPT (Probabilidade Proporcional ao Tamanho), considerando a população eleitora com 16 anos ou mais residente nos municípios como base para essa seleção. Na segunda etapa, faz-se um sorteio probabilístico das localidades, onde as entrevistas serão realizadas, através do método PPT (Probabilidade Proporcional ao Tamanho), tomando a população eleitora de 16 anos ou mais residente nas localidades como base para essa seleção. Na terceira etapa, a seleção do entrevistado dentro da localidade, será feita utilizando-se quotas amostrais proporcionais, em função das seguintes variáveis:
GÊNERO: TSE Julho 2026 (https://sig.tse.jus.br/ords/dwapr/r/seai/sig-eleitor-eleitorado-mensal/cruzamento-eleitorado-mensal?p24_metricas=E&p24_back=22&p24_cruzamento_1=ds_sexo&clear=24&p0_uf=MA&p0_mes=7&debug=LEVEL5&session=312990078978641)
Masculino - 48%; |
Feminino - 52%; |
FAIXA ETÁRIA: TSE Julho 2026 (https://sig.tse.jus.br/ords/dwapr/r/seai/sig-eleitor-eleitorado-mensal/cruzamento-eleitorado-mensal?p24_cruzamento_1=ds_faixa_etaria&p24_metricas=E&p24_back=22&clear=24&p0_uf=MA&p0_mes=7&debug=LEVEL5&session=8904950028837)
Entre 16 e 24 anos: 17%; |
Entre 25 e 34 anos: 21%; |
Entre 35 e 44 anos: 20%; |
Entre 45 e 59 anos: 23%; |
Com 60 anos ou mais: 19%; |
ESCOLARIDADE: TSE Julho 2026 (https://sig.tse.jus.br/ords/dwapr/r/seai/sig-eleitor-eleitorado-mensal/cruzamento-eleitorado-mensal?p24_cruzamento_1=ds_grau_instrucao&p24_metricas=E&p24_back=22&clear=24&p0_uf=MA&p0_mes=7&debug=LEVEL5&session=309383598034615) Observação: Conforme informações obtidas no site do Tribunal Superior Eleitoral, o TSE, (https://dadosabertos.tse.jus.br/group/about/eleitorado) """"Os registros de grau de escolaridade podem apresentar dados defasados, pois refletem a situação do eleitor na ocasião do cadastramento.""""
De analfabeto até ensino fundamental completo: 44%; |
Ensino médio incompleto ou completo: 47% |
Ensino superior incompleto ou completo: 9% |
RENDA DOMICILIAR MENSAL: (https://cidades.ibge.gov.br/brasil/ma/pesquisa/23/24304) IBGE - Censo 2010. Observação: Conforme informações obtidas do Instituto Brasileiro de Geografia e Estatística, o IBGE, não divulgou - e não tem previsão - de data para divulgação do perfil econômico (nível econômico) da população brasileira; portanto, os dados quanto ao nível econômico obtidos no Censo 2022, não podem ser utilizados, pois não foram publicados. (https://censo2022.ibge.gov.br/panorama/)
Sem rendimentos até 2 salários mínimos: 71% |
Mais de 2 a 5 salários mínimos: 21% |
Mais de 5 salários mínimos: 8% |
Está prevista eventual ponderação para correção das variáveis gênero e faixa etária, com base nos percentuais acima apresentados, caso ocorram diferenças superiores a 3,0 (três) pontos percentuais entre o previsto na amostra e a coleta realizada; para as variáveis escolaridade e renda domiciliar mensal, o fator de ponderação é igual a 1 (resultados obtidos no campo). O nível de confiança estimado é de 95% (noventa e cinco por cento) para uma margem de erro estimada, considerando uma técnica de amostragem aleatória simples, de aproximadamente 2,9 (dois vírgula nove) pontos percentuais para mais ou para menos sobre os resultados obtidos.""




";"""As entrevistas serão conduzidas por uma equipe de entrevistadores e supervisores devidamente qualificados pelo Instituto Paraná Pesquisas, todos com experiência e treinamento específico em pesquisas de opinião pública.
Controle: O controle do processo será realizado por meio de um software de coleta de dados.
Conferência e Fiscalização: Durante a coleta de dados os questionários aplicados são fiscalizados e conferidos através de um supervisor.
Adicionalmente, pelo menos 30% dos questionários passarão por uma verificação posterior, que avaliará a precisão na aplicação e a adequação dos entrevistados às variáveis das quotas amostrais. Ou seja, no mínimo 360 entrevistas desta pesquisa serão auditadas pela equipe de qualidade do Instituto Paraná Pesquisas, podendo essa auditoria ser solicitada ao Instituto a qualquer momento.
Verificação: Após a coleta, os questionários passam por uma etapa de verificação e validação dos dados, para garantir a integridade e precisão dos dados coletados.""




";"""A pesquisa será realizada no Estado do Maranhão, a relação dos dados relativos aos municípios e às localidades será apresentado até o dia seguinte à data a partir da qual a pesquisa puder ser divulgada, conforme §7º do art. 2º da Resolução-TSE nº. 23.600/2019""




"
"01/09/2026";"05:46:44";2026;81;"Eleições Gerais 2026";"MA";"MA";"MARANHÃO";"MA033442026";"2026-08-31 22:42:41";"N";"64500153000180";"LAIS CRISTINA RODRIGUES DE OLIVEIRA LTDA";"IPSENSUS PESQUISAS";"Governador, Senador";"2026-09-01 00:00:00";"2026-09-05 00:00:00";"2026-09-06 00:00:00";350;"7655";"AUGUSTO DA SILVA ROCHA";"4000,00";"A pesquisa cobrirá o município envolvendo todas regiões do município de São Domingos do Maranhão/MA Universo da pesquisa será dos eleitores com 16 anos ou mais. A amostra representará os eleitores do Município, selecionados em 2(dois) estágios. No primeiro estágio, os setores censitários, onde as entrevistas serão realizadas, foram selecionadas, probabilisticamente, através do método PPT - Probabilidade Proporcional ao Tamanho, tomando o número de eleitores como base para seleção. No segundo estágio, a seleção do entrevistado, dentro do setor censitário, será feita utilizando-se quotas proporcionais, e a abordagem será domiciliar.";"Utilizamos quotas proporcionais, em função das seguintes variáveis:

Gênero: ; FEMININO 51,12%;
MASCULINO 48,88%;

Faixa etária: 16 a 24 anos 18,24% ;
25 a 34 anos 20,17% ;
35 a 44 anos 19,03% ;
45 a 59 anos 23,23% ;
60 anos ou mais 19,33% ;

Grau de instrução: ANALFABETO 8,03% ;
ENSINO FUNDAMENTAL COMPLETO 3,84% ;
ENSINO FUNDAMENTAL INCOMPLETO 21,55% ;
ENSINO MÉDIO COMPLETO 21,28% ;
ENSINO MÉDIO INCOMPLETO 19,48% ;
LÊ E ESCREVE 19,68% ;
SUPERIOR COMPLETO 4,58% ;
SUPERIOR INCOMPLETO 1,56% ;
;

Fonte dos dados: TSE-Tribunal Superior Eleitoral/julho2026; Cruzamento Eleitorado Mensal

https://sig.tse.jus.br/ords/dwapr/r/seai/sig-eleitor-eleitorado-mensal/cruzamento-eleitorado-mensal?p24_metricas=E&p24_back=22&p24_cruzamento_1=ds_sexo&clear=24&session=10939350749154 ;
https://sig.tse.jus.br/ords/dwapr/r/seai/sig-eleitor-eleitorado-mensal/cruzamento-eleitorado-mensal?p24_cruzamento_1=ds_faixa_etaria&p24_metricas=E&p24_back=22&clear=24&session=10939350749154 ;
https://sig.tse.jus.br/ords/dwapr/r/seai/sig-eleitor-eleitorado-mensal/cruzamento-eleitorado-mensal?p24_cruzamento_1=ds_grau_instrucao&p24_metricas=E&p24_back=22&clear=24&session=10939350749154 ;
; Ano=2026; Mês = JULHO; UF= MA; MUNICIPIO = São Domingos do Maranhão; Renda familiar: Até 1/2 salário mínimo 20,96% ;
Mais de 1/2 a 1 salário mínimo 26,12% ;
Mais de 1 a 2 salários mínimos 25,71% ;
Mais de 2 a 5 salários mínimos 14,98% ;
Mais de 5 a 10 salários mínimos 2,80% ;
Mais de 10 a 20 salários mínimos 0,81% ;
Mais de 20 salários mínimos 0,24% ;
Sem rendimento 8,38% ;
; Fonte dos dados: IBGE-Censo 2010-IBGE-CENSO 2022 (IBGE/Censo 2010 - Classe de rendimento nominal mensal domiciliar) ; https://cidades.ibge.gov.br/brasil/ma/sao-domingos-do-maranhao/pesquisa/23/24304 ;
""Está prevista eventual ponderação da amostra para correção das variáveis sexo, idade, renda familiar e escolaridade com base nos percentuais anteriormente mencionados, caso ocorram diferenças entre os percentuais previstos na amostra e a coleta de dados realizada. O nível de confiança estimado é de 95% e a margem de erro máxima prevista, baseada em uma amostra aleatória simples (AAS), é de cerca de 5,2 pontos percentuais para mais ou para menos em relação aos totais da amostra. Nível Econômico: IBGE (Censo/2010) - Observação: Conforme informações obtidas do Instituto Brasileiro de Geografia e Estatística, o IBGE, não divulgou - e não tem previsão - de data para divulgação do perfil econômico (nível econômico) da população brasileira; portanto, os dados quanto ao nível econômico obtidos no Censo 2022, não podem ser utilizados, pois não foram publicados.""


























";"Para a realização da pesquisa, utiliza-se uma equipe de entrevistadores e supervisores credenciados devidamente treinados pela empresa para esse tipo de pesquisa. Após os trabalhos de campo, 100% dos questionários são criticados e passam por uma fiscalização de cerca de 20% (vinte por cento) dos questionários aplicados por cada entrevistador; para verificação da consistência das respostas e da adequação dos entrevistados aos parâmetros amostrais.";"#NULO#"
"01/09/2026";"05:46:44";2026;81;"Eleições Gerais 2026";"MA";"MA";"MARANHÃO";"MA039162026";"2026-03-17 23:27:03";"S";"00654576000172";"INSTITUTO VERITA LTDA";"VERITA";"Governador, Senador, Deputado Federal, Deputado Estadual";"2026-03-18 00:00:00";"2026-03-24 00:00:00";"2026-03-23 00:00:00";1525;"10699";"GUILHERME ALVARENGA LAIA";"117425,00";"Pesquisa quantitativa, que consiste na realização de entrevistas, com a aplicação de questionário estruturado junto a uma amostra representativa do eleitorado desta Unidade da Federação.";"ESTUDO REPRESENTATIVO DO ELEITORADO DO ESTADO DO MARANHÃO - MÉTODO PPT (Probabilidade Proporcional ao Tamanho) - PLANO AMOSTRAL E PONDERAÇÃO QUANTO A SEXO, IDADE, GRAU DE INSTRUÇÃO E NÍVEL ECONÔMICO DO ENTREVISTADO; INTERVALO DE CONFIANÇA E MARGEM DE ERRO: Representativo do eleitorado da área em estudo, elaborada, em vários estágios, da seguinte forma: - 1. Divisão da UF em estratos proporcionais de municípios. 2. Ordenação dos municípios de cada estrato segundo o porte. 3. Sorteio dos municípios de cada estrato. 4. Os respondentes são selecionados através de quotas amostrais proporcionais em função de variáveis significativas, a saber: GÊNERO / FAIXA ETÁRIA - FEMININO E MASCULINO 16 A 34 ANOS 19,3% E 18,3%, 35 A 54 ANOS 19,4% E 17,9%, 55 ANOS OU MAIS 13,3% E 11,8%. GRAU DE INSTRUÇÃO - FEMININO Sem instrução até Ensino Médio completo 71,4%, Ensino superior incompleto e completo % NÍVEL ECONÔMICO - FEMININO população não economicamente ativa 46,5% população economicamente ativa 53,5% MASCULINO população não economicamente ativa 27,2% população economicamente ativa 72,8%. RENDA FAMILIAR DO DOMICÍLIO renda familiar de até 2 salários-mínimos 30,7%; de 2 a 5 salários-mínimos 44,2%, acima de 5 salários-mínimos 25,1%. Está prevista eventual ponderação para correção das variáveis, com base nos percentuais anteriormente mencionados, caso ocorram diferenças superiores a margem de erro da pesquisa previsto entre a amostra e a coleta de dados realizada. O fator previsto para ponderação é 1 (resultados obtidos na coleta de dados). O intervalo de confiança estimado é de 95% e a margem de erro máxima estimada considerando um modelo de amostragem aleatório simples, é de aproximadamente 3 pontos percentuais para mais ou para menos sobre os resultados encontrados no total da amostra. FONTE DOS DADOS: IBGE/Censo 2022 para fins de densidade demográfica, setores censitários e alocação da amostra. IBGE/PNAD/PNADC/MEC/INEP para fins de Nível Econômico e Escolaridade. TSE FEVEREIRO/2026 para fins de Sexo, Faixa Etária e eleitorado por município ou regiões previamente definidas (importante ressaltar para o público leigo que os dados do TSE são os únicos corretos para gênero, idade dos eleitores e quantitativo de eleitores por municípios já que a base de dados se atualiza automaticamente, PORÉM, dados de escolaridade e nível econômico NÃO são corretos e confiáveis devido a desatualização que ocorre naturalmente com o passar dos anos). Definição de margem de erro e intervalo de confiança: Margem de erro e intervalo de confiança não são grandezas diretamente proporcionais. A SOMA NÃO TEM QUE RESULTAR 100%. ";"Após os trabalhos de coleta de dados, os questionários são submetidos a uma fiscalização, conferência e checagem de cerca de 20% (vinte por cento) dos questionários aplicados.";"A relação dos municípios sorteados ou selecionados para esta pesquisa será apresentada em arquivo anexo até 1 (um) dia após a divulgação desta pesquisa conforme §7º. do art. 2º. da Resolução-TSE nº. 23.600/2019. A área de abrangência desta pesquisa é o Estado DO MARANHÃO"
"01/09/2026";"05:46:44";2026;81;"Eleições Gerais 2026";"MA";"MA";"MARANHÃO";"MA054042026";"2026-08-26 22:00:18";"N";"64500153000180";"LAIS CRISTINA RODRIGUES DE OLIVEIRA LTDA";"IPSENSUS PESQUISAS";"Governador, Senador, Deputado Federal, Deputado Estadual";"2026-08-24 00:00:00";"2026-08-29 00:00:00";"2026-09-01 00:00:00";1000;"7655";"AUGUSTO DA SILVA ROCHA";"11000,00";"A pesquisa será do tipo quantitativo, por amostragem aleatória, com aplicação de questionário estruturado e abordagem de moradores eleitores nos municípios do estado do Maranhão, divididos nas regiões dentro do estado. O conjunto da população do Estado do Maranhão com 16 anos ou mais e que são votantes no referido estado foi tomado como universo da pesquisa.";"A amostra será representativa do eleitorado da área pesquisada e será selecionada em três etapas. Na primeira etapa realiza-se um sorteio probabilístico dos municípios onde as entrevistas serão realizadas através do método PPT (Probabilidade Proporcional ao Tamanho), considerando a população eleitora com 16 anos ou mais residente nos municípios como base para essa seleção. Na segunda etapa, faz-se um sorteio probabilístico das localidades, onde as entrevistas serão realizadas, através do método PPT (Probabilidade Proporcional ao Tamanho), tomando a população eleitora de 16 anos ou mais residente nas localidades como base para essa seleção. Na terceira etapa, a seleção do entrevistado dentro da localidade, será feita utilizando-se quotas amostrais proporcionais, em função das variáveis sexo, faixa etária, grau de instrução e Nível socioeconômico (renda mensal familiar). Por fim, os entrevistados são selecionados aleatoriamente para responder ao questionário, de acordo com cotas: SEXO: FEMININO 51,92% ; MASCULINO 48,08% ; Faixa Etária: 16 a 24 anos 17,65% ; 25 a 34 anos 20,61% ; 35 a 44 anos 20,46% ; 45 a 59 anos 22,77% ; 60 anos ou mais 18,51% ; Grau de instrução: ANALFABETO 7,25% ; LÊ E ESCREVE 11,05% ; ENSINO FUNDAMENTAL COMPLETO 5,50% ; ENSINO FUNDAMENTAL INCOMPLETO 20,50% ; ENSINO MÉDIO COMPLETO 26,84% ; ENSINO MÉDIO INCOMPLETO 19,59% ; SUPERIOR COMPLETO 6,06% ; SUPERIOR INCOMPLETO 3,21% ; Nível econômico (renda mensal familiar): Até 1/2 salário mínimo 13,71% ; Mais de 1/2 a 1 salário mínimo 21,95% ; Mais de 1 a 2 salários mínimos 27,15% ; Mais de 2 a 5 salários mínimos 20,82% ; Mais de 5 a 10 salários mínimos 5,56% ; Mais de 10 a 20 salários mínimos 1,99% ; Mais de 20 salários mínimos 0,85% ; Sem rendimento 7,97% ; Fonte pública dos dados IBGE IBGE | Cidades@ | Maranhão | Pesquisa | Censo 2010 | Universo - Características da população e dos domicílios; https://cidades.ibge.gov.br/brasil/ma/pesquisa/23/24304?detalhes=true; (TSE/JUNHO2026): https://sig.tse.jus.br/ords/dwapr/r/seai/sig-eleitor-eleitorado-mensal/cruzamento-eleitorado-mensal?p24_metricas=E&p24_back=22&p24_cruzamento_1=ds_sexo&clear=24&session=108492167907142; https://sig.tse.jus.br/ords/dwapr/r/seai/sig-eleitor-eleitorado-mensal/cruzamento-eleitorado-mensal?p24_cruzamento_1=ds_faixa_etaria&p24_metricas=E&p24_back=22&clear=24&session=108492167907142; https://sig.tse.jus.br/ords/dwapr/r/seai/sig-eleitor-eleitorado-mensal/cruzamento-eleitorado-mensal?p24_cruzamento_1=ds_grau_instrucao&p24_metricas=E&p24_back=22&clear=24&session=108492167907142; ; Ano=2026; Mês = JUNHO; UF= MA; Observação: Conforme informações disponibilizadas pelo Instituto Brasileiro de Geografia e Estatística (IBGE), não houve nem há previsão de divulgação do perfil econômico (nível econômico) da população brasileira no âmbito do Censo Demográfico de 2022 (https://censo2022.ibge.gov.br/panorama/), para essa variável será adotado o fator de ponderação igual a 1, correspondente aos resultados obtidos em campo, caso seja verificada diferença superior à margem de erro prevista no estudo entre a projeção da amostra baseada nos dados do IBGE 2010 e os dados efetivamente coletados. Para as variáveis de sexo, idade e grau de instrução, está previsto uma eventual ponderação, nos limites da margem de erro, para correção nos tamanhos das variáveis, caso ocorra uma diferença entre a previsão da amostra e a coleta dos dados realizados sobre a faixa de eleitores acima de 16 anos. Margem de Erro: A margem de erro máxima prevista é de 3,1 pontos percentuais para mais ou para menos, considerando um nível de confiança de 95%.";"Os entrevistadores envolvidos na realização desta pesquisa são treinados pelo Instituto e recebem instruções específicas para cada projeto realizado. Os pesquisadores são supervisionados por um coordenador que estará em campo juntamente com a equipe garantindo a lisura da pesquisa. Internamente, todo o material é verificado e codificado. Antes do processamento final e emissão dos resultados, realiza-se processo de consistência dos dados. Os dados coletados e tratados nesta pesquisa atendem às exigências da LGPD, Lei Geral de Proteção de Dados, garantindo ao respondente o sigilo de sua identidade e o correto tratamento de suas respostas.";"#NULO#"
"01/09/2026";"05:46:44";2026;81;"Eleições Gerais 2026";"MA";"MA";"MARANHÃO";"MA019122026";"2026-08-28 20:47:38";"S";"00654576000172";"INSTITUTO VERITA LTDA";"VERITA";"Governador, Senador";"2026-08-29 00:00:00";"2026-09-01 00:00:00";"2026-09-03 00:00:00";1525;"10699";"Guilherme Alvarenga Laia";"117425,00";"Estudo quantitativo voltado às Eleições 2026, realizado por meio de entrevistas individuais, aplicadas mediante questionário eletrônico estruturado e Unidade Automatizada de Respostas Audíveis e Auditáveis, por meio de ligações para telefones móveis (celulares). A inteligência artificial é empregada exclusivamente para a transcrição automatizada das respostas em áudio, não interferindo na formulação das perguntas, na condução das entrevistas, na coleta das informações, na interpretação das respostas ou no tratamento estatístico dos dados.

A participação dos eleitores é voluntária, espontânea e não remunerada. As respostas são prestadas por autodeclaração, sendo, em sua maioria, registradas por meio de códigos numéricos correspondentes às alternativas previamente definidas no questionário.

A utilização de sistema eletrônico automatizado para a coleta e o registro das respostas proporciona elevado nível de padronização operacional, reduz a possibilidade de interferência humana durante a realização das entrevistas, amplia a rastreabilidade e a auditabilidade de todo o processo de coleta e contribui para maior precisão, consistência e confiabilidade dos dados obtidos.

O plano amostral foi elaborado para assegurar a representatividade estatística do eleitorado da respectiva Unidade da Federação, observando critérios técnicos de seleção, distribuição e ponderação da amostra, quando aplicáveis.";"A pesquisa foi planejada para produzir uma amostra estatisticamente representativa do eleitorado do estado DO MARANHÃO, utilizando o método de Probabilidade Proporcional ao Tamanho (PPT), com plano amostral em múltiplos estágios. Na primeira etapa, esta Unidade da Federação é dividida em macrorregiões, de forma a assegurar adequada distribuição territorial da amostra e representação das diferentes características geográficas, demográficas e eleitorais. Na segunda etapa, os municípios de cada estrato são ordenados segundo seu porte populacional e eleitoral e sorteados. Na terceira etapa, os respondentes são selecionados entre os eleitores aptos residentes nos municípios sorteados, observando-se a distribuição proporcional da amostra e as cotas estabelecidas para as variáveis de sexo, faixa etária, grau de instrução e nível econômico. As cotas são estabelecidas para a pesquisa completa, considerando a composição do eleitorado e os parâmetros oficiais de referência, não sendo aplicadas isoladamente a cada município selecionado.

SEXO E FAIXA ETÁRIA - Fonte: Tribunal Superior Eleitoral (TSE), Perfil do Eleitorado, junho de 2026. Feminino de 16 a 34 anos: 19,6%; Masculino de 16 a 34 anos: 18,7%; Feminino de 35 a 54 anos: 19,1%; Masculino de 35 a 54 anos: 17,7%; Feminino com 55 anos ou mais: 13,2%; Masculino com 55 anos ou mais: 11,7%. Os parâmetros de sexo e idade têm como referência o cadastro eleitoral brasileiro atualizado pelo Tribunal Superior Eleitoral, considerando o universo de eleitores aptos com 16 anos ou mais.

GRAU DE INSTRUÇÃO - Fonte: IBGE - Pesquisa Nacional por Amostra de Domicílios Contínua - PNAD Contínua, 1º trimestre de 2026. A distribuição é: sem instrução 8,1%; ensino fundamental incompleto ou equivalente 27,1%; ensino fundamental completo ou equivalente 8,4%; ensino médio incompleto ou equivalente 9,4%; ensino médio completo ou equivalente 32,7%; ensino superior incompleto ou equivalente 4%; ensino superior completo 10,3%. Para não confundir os respondentes as faixas de escolaridade no questionário foram agrupadas em 3 faixas: até ensino fundamental incompleto e completo, ensino médio incompleto e completo e superior incompleto, completo ou mais. A PNAD Contínua é utilizada como referência por constituir a fonte oficial mais atualizada para a mensuração do nível de instrução da população brasileira, sua utilização também corrige limitações decorrentes da ausência de atualização obrigatória e contínua das informações de escolaridade no cadastro eleitoral do Tribunal Superior Eleitoral.

NÍVEL ECONÔMICO - RENDA FAMILIAR DO DOMICÍLIO - Fonte: IBGE - PNAD Contínua Anual 2025. Considera-se a renda domiciliar total, compreendendo rendimentos provenientes de trabalho formal e informal, aposentadorias, pensões, benefícios sociais e demais fontes de renda existentes no domicílio. observando-se a seguinte distribuição: renda familiar de até 2 salários-mínimos 63,3%; de 2 a 5 salários-mínimos 28,3%, acima de 5 salários-mínimos 8,4%.

PONDERAÇÃO E CALIBRAÇÃO DA AMOSTRA - Prevê-se eventual ponderação das variáveis de sexo, faixa etária, grau de instrução e nível econômico, caso sejam verificadas diferenças relevantes entre a distribuição da amostra efetivamente coletada e os parâmetros populacionais de referência adotados. Inicialmente, o fator de ponderação é igual a 1 (um), podendo ser recalculado sempre que necessário para assegurar a representatividade estatística da amostra.
INTERVALO DE CONFIANÇA E MARGEM DE ERRO - O intervalo de confiança adotado é de 95%, com margem máxima estimada de erro de aproximadamente 2,5 pontos percentuais, para mais ou para menos, sobre os resultados do total da amostra, calculada segundo o modelo de amostragem aleatória simples e a hipótese de máxima variabilidade.";"Após os trabalhos de coleta de dados, os questionários são submetidos a uma fiscalização, conferência e checagem de cerca de 20% (vinte por cento) dos questionários aplicados. Todas as entrevistas são integralmente registradas em áudio, permanecendo auditáveis e rastreáveis, permitindo a verificação da integridade do processo de coleta, preservado o sigilo das informações pessoais dos entrevistados e observadas as disposições da Lei Geral de Proteção de Dados Pessoais (Lei nº 13.709/2018).";"Em observância ao art. 2º, § 7º, da Resolução TSE nº 23.600/2019, com redação dada pela Resolução TSE nº 23.747/2026, a presente pesquisa terá seu registro complementado no Sistema de Registro de Pesquisas Eleitorais a partir da data em que sua divulgação for permitida e até o dia seguinte, com a identificação dos municípios em que foram realizadas as entrevistas, bem como da composição final da amostra quanto a gênero, idade, grau de instrução e nível econômico, na forma exigida pela legislação eleitoral vigente."
"01/09/2026";"05:46:44";2026;81;"Eleições Gerais 2026";"MA";"MA";"MARANHÃO";"MA082072026";"2026-05-26 22:35:15";"S";"00654576000172";"INSTITUTO VERITA LTDA";"VERITA";"Governador, Senador";"2026-05-27 00:00:00";"2026-05-31 00:00:00";"2026-06-01 00:00:00";1525;"10699";"GUILHERME ALVARENGA LAIA";"117425,00";"Pesquisa quantitativa, que consiste na realização de entrevistas, com a aplicação de questionário estruturado junto a uma amostra representativa do eleitorado desta Unidade da Federação.";"ESTUDO REPRESENTATIVO DO ELEITORADO DO ESTADO DO MARANHÃO - MÉTODO PPT (Probabilidade Proporcional ao Tamanho) - PLANO AMOSTRAL E PONDERAÇÃO QUANTO A SEXO, IDADE, GRAU DE INSTRUÇÃO E NÍVEL ECONÔMICO DO ENTREVISTADO; INTERVALO DE CONFIANÇA E MARGEM DE ERRO: Representativo do eleitorado da área em estudo, elaborada, em vários estágios, da seguinte forma: - 1. Divisão da UF em estratos proporcionais de municípios. 2. Ordenação dos municípios de cada estrato segundo o porte. 3. Sorteio dos municípios de cada estrato. 4. Os respondentes são selecionados através de quotas amostrais proporcionais em função de variáveis significativas, a saber: GÊNERO / FAIXA ETÁRIA - FEMININO E MASCULINO 16 A 34 ANOS 19,3% E 18,3%, 35 A 54 ANOS 19,4% E 17,9%, 55 ANOS OU MAIS 13,3% E 11,8%. GRAU DE INSTRUÇÃO ¿ FEMININO E MASCULINO Sem instrução até Ensino Médio completo 71,4%, Ensino superior incompleto e completo 28,6% NÍVEL ECONÔMICO - FEMININO população não economicamente ativa 46,5% população economicamente ativa 53,5% MASCULINO população não economicamente ativa 27,2% população economicamente ativa 72,8%. RENDA FAMILIAR DO DOMICÍLIO renda familiar de até 2 salários-mínimos 30,7%; de 2 a 5 salários-mínimos 44,2%, acima de 5 salários-mínimos 25,1%. Está prevista eventual ponderação para correção das variáveis, com base nos percentuais anteriormente mencionados, caso ocorram diferenças superiores a margem de erro da pesquisa previsto entre a amostra e a coleta de dados realizada. O fator previsto para ponderação é 1 (resultados obtidos na coleta de dados). O intervalo de confiança estimado é de 95% e a margem de erro máxima estimada considerando um modelo de amostragem aleatório simples, é de aproximadamente 2,5 pontos percentuais para mais ou para menos sobre os resultados encontrados no total da amostra. FONTE DOS DADOS: IBGE/Censo 2022 para fins de densidade demográfica, setores censitários e alocação da amostra. IBGE/PNAD/PNADC/MEC/INEP para fins de Nível Econômico e Escolaridade. TSE FEVEREIRO/2026 para fins de Sexo, Faixa Etária e eleitorado por município ou regiões previamente definidas (importante ressaltar para o público leigo que os dados do TSE são os únicos corretos para gênero, idade dos eleitores e quantitativo de eleitores por municípios já que a base de dados se atualiza automaticamente, PORÉM, dados de escolaridade e nível econômico NÃO são corretos e confiáveis devido a desatualização que ocorre naturalmente com o passar dos anos). Definição de margem de erro e intervalo de confiança: Margem de erro e intervalo de confiança não são grandezas diretamente proporcionais. A SOMA NÃO TEM QUE RESULTAR 100%. ";"Após os trabalhos de coleta de dados, os questionários são submetidos a uma fiscalização, conferência e checagem de cerca de 20% (vinte por cento) dos questionários aplicados.";"A relação dos municípios sorteados ou selecionados para esta pesquisa será apresentada em arquivo anexo até 1 (um) dia após a divulgação desta pesquisa conforme §7º. do art. 2º. da Resolução-TSE nº. 23.600/2019. A área de abrangência desta pesquisa é o Estado DO MARANHÃO"
"01/09/2026";"05:46:44";2026;81;"Eleições Gerais 2026";"MA";"MA";"MARANHÃO";"MA099102026";"2026-05-20 15:12:13";"N";"10320449000190";"M D C LEMOS LTDA";"INOP PREVISAO PESQUISAS SERVICOS E PUBLICIDADES";"Governador, Senador, Deputado Federal, Deputado Estadual";"2026-05-18 00:00:00";"2026-05-26 00:00:00";"2026-05-26 00:00:00";2667;"8747 5° REGIÃO";"VITOR EMMANUEL BOUÇAS DA SILVA";"45000,00";"A pesquisa é realizada em âmbito estadual, abrangendo eleitores residentes nas zonas urbana e rural
dos municípios do Estado do Maranhão, por meio de entrevistas presenciais, conduzidas tanto em
domicílios quanto em pontos de fluxo populacional (tais como vias públicas, áreas comerciais,
terminais de transporte, praças e locais de grande circulação), relacionando-as aos bairros ou
povoados de moradia, mediante aplicação de questionário estruturado com perguntas abertas e
fechadas. As entrevistas são realizadas por equipe de entrevistadores previamente treinada e
identificada, observando-se critérios de elegibilidade do respondente, quais sejam: ter 16 anos ou
mais, residir no Estado do Maranhão e possuir título eleitoral válido, estando, portanto, apto a votar.";"O desenho amostral adotado é do tipo misto com uso conglomerados em dois estágios e
estratificado. No primeiro estágio, os municípios do estado são estratificados por regiões
geográficas (Norte, Sul, Leste, Oeste, Central e Grande Ilha), com alocação proporcional ao
tamanho do eleitorado, conforme dados mais recentes do Tribunal Superior Eleitoral (TSE). Dentro
de cada estrato, são sorteados municípios auto representativos e não auto representativos, estes
últimos selecionados com probabilidade proporcional ao tamanho (PPT).
No segundo estágio, dentro dos municípios sorteados, são definidos conglomerados de coleta,
compreendendo bairros ou áreas de grande circulação (pontos de fluxo), selecionados de forma
aleatória ou sistemática. Nesses conglomerados, os entrevistadores realizam abordagens presenciais
de eleitores, tanto em domicílios quanto em pontos de fluxo previamente definidos. A seleção do
respondente respeita regras objetivas de abordagem (por exemplo, intervalo fixo de domicílios ou
abordagem do próximo transeunte elegível. Após a finalização do trabalho de campo, os dados
coletados são comparados aos quantitativos populacionais e se necessário submetidos a
procedimento de ponderação estatística (pós-estratificação), com o objetivo de ajustar a amostra às
distribuições conhecidas do eleitorado estadual segundo sexo, faixa etária, escolaridade, renda
familiar e religião do entrevistado, com base nas informações oficiais do Tribunal Superior Eleitoral
(TSE-2026) e do Instituto Brasileiro de Geografia e Estatística (IBGE-2022). Esse procedimento
visa corrigir eventuais desequilíbrios amostrais decorrentes do uso combinado de entrevistas
domiciliares e em pontos de fluxo, assegurando a representatividade dos resultados em relação ao
universo pesquisado.
GÊNERO: Masculino (48,07%); Feminino (51,93%);
GÊNERO e FAIXA ETÁRIA: Feminino 16 a 24 anos (16,29%); 25 a 29 anos (10,86%); 30 a 49
anos (40,10%); 50 anos ou mais (32,74%); Masculino 16 a 24 anos (17,43%); 25 a 29 anos
(10,94%); 30 a 49 anos (39,94%); 50 anos ou mais (31,69%)
GÊNERO e GRAU DE INSTRUÇÃO: Feminino até a 4°série do Ensino Fundamental (35,47%); 5°
a 8° série do Ensino Fundamental (23,56%); Ensino Médio (29,60%); Ensino Superior (11,37%)
Masculino até a 4°série do Ensino Fundamental (43,57%); 5°a 8° série do Ensino Fundamental
(25,29%); Ensino Médio (24,07%); Ensino Superior (7,07%)
RENDA MENSAL: Até 1 salário 64,84%; Mais de 1 a 2 salários 25,77%; Mais de 2 salários
9,39%.
RELIGIÃO: Católica (72,95%), Evangélica (19,36%), Outras (7,19%), Não sabe / Não opinou
(0,50%)
O nível de confiança estimado é de 95% e a margem de erro máxima é de 2,98%. FONTE DOS
DADOS: IBGE 2022 | TSE 2026
Número de questionários aplicados, margem de erro e nível de confiança;
A pesquisa foi realizada com 2667 entrevistas. O tamanho da amostra foi dimensionado para
garantir estimativas com nível de confiança de 95% e erro amostral máximo de aproximadamente
2,98 pontos percentuais, considerando agora a natureza multicategórica da pergunta de intenção de
voto. Assim, para cada percentual estimado individualmente, pode-se afirmar que, com 95% de
confiança, o valor real na população pode diferir do valor observado na amostra em até
aproximadamente 2,98 pontos percentuais. 
";"O controle da qualidade da coleta de dados é realizado por meio de procedimentos contínuos de
supervisão e auditoria interna, aplicados em todas as etapas do trabalho de campo. Todos os
questionários passam por conferência técnica obrigatória, destinada à verificação de consistência,
completude das respostas e adequação ao plano amostral previamente definido.
Adicionalmente, é realizada verificação independente em, no mínimo, 20% das entrevistas,
selecionadas de forma aleatória, por meio de recontato telefônico ou visita de retorno ao domicílio,
conforme a natureza da entrevista originalmente realizada. Esse procedimento tem por finalidade
confirmar a realização da entrevista, a elegibilidade do respondente e a fidelidade das informações
registradas.
Para a execução da pesquisa, é mobilizada uma equipe composta por entrevistadores de campo,
supervisores regionais e coordenação geral, todos previamente treinados quanto aos procedimentos
metodológicos, éticos e operacionais do levantamento. Os supervisores realizam acompanhamento
direto e indireto das equipes, incluindo observação em campo, checagem de rotas e validação diária
dos questionários coletados.
A coordenação geral é responsável pela consolidação das informações, pelo monitoramento do
cumprimento do plano amostral e pela adoção de medidas corretivas sempre que identificadas
inconsistências ou desvios nos procedimentos de coleta. ";"
SOMA DE ENTREVISTADOS POR LOCALIDADE
Maranhão 
Período: 18/05/2026 a 26/05/2026

1.	Açailândia	64
2.	Amarante 	24
3.	Alto Alegre do Pindaré	20
4.	Anapurus	12
5.	Araioses 28
6.	Arame	20
7.	Axixá 12
8.	Bacabeira	14
9.	Bacabal	64
10.	Balsas	68
11.	Barra do Corda	52
12.	Barreirinhas	44
13.	BEQUIMAO 18
14.	SANTA HELENA	20
15.	Bom Lugar	12
16.	Buriticupu	36
17.	Cachoeira Grande	12
18.	Capinzal do Norte	12
19.	Caxias	94
20.	Chapadinha	48
21.	Codó	64
22.	Colinas	30
23.	Coroatá	40
24.	CURURUPU 20
25.	Dom Pedro	20
26.	Fortaleza dos Nogueiras	14
27.	Fortuna	12
28.	Gonçalves Dias	18
29.	Grajaú	48
30.	ICATU  20
31.	Igarapé do Meio 12
32.	Imperatriz	170
33.	Itapecuru-Mirim	38
34.	JOÃO LISBOA 12
35.	LAGO DA PEDRA  30
36.	Magalhães de Almeida	14
37.	Mirador	18
38.	Mirinzal	14
39.	Paço do Lumiar	76
40.	Passagem Franca	18
41.	PASTOS BONS _16
42.	PORTO FRANCO 22
43.	POÇÃO DE PEDRAS 14
44.	Pedreiras	30
45.	PEDRO DO RASARIO 18
46.	PINDARE MIRIM ´24
47.	Pinheiro	50
48.	Pio XII	20
49.	Presidente Dutra	32
50.	Presidente Juscelino	14
51.	MORROS 18
52.	Rosário	28
53.	RIACHÃO 12
54.	Santa Inês	50
55.	SANTA HELENA -20
56.	Santa Luzia	40
57.	São Domingos do Maranhão	30
58.	SÃO BERNARDO 20
59.	SÃO JOÃO BATISTA 18
60.	SÃO BENTO 20
61.	São José de Ribamar	92
62.	São Luis	442
63.	SÃO MATEUS 30
64.	Sítio Novo do Maranhão	16
65.	Timon	98
66.	TUNTUM 26
67.	Tutóia	41
68.	Viana	38
69.	Zé Doca	30
TOTAL DE  2667                                                     "
"01/09/2026";"05:46:44";2026;81;"Eleições Gerais 2026";"MA";"MA";"MARANHÃO";"MA094852026";"2026-08-27 20:14:46";"N";"19259002000128";"ATLASINTEL TECNOLOGIA DE DADOS LTDA";"ATLASINTEL";"Governador, Senador";"2026-08-29 00:00:00";"2026-09-01 00:00:00";"2026-09-02 00:00:00";2000;"11220";"ANDREI CAMILO DOS SANTOS";"108500,00";"Pesquisa quantitativa com coleta presencial domiciliar via questionário estruturado, aplicado por entrevistadores treinados, com seleção probabilística de municípios, setores censitários e domicílios, e pós-estratificação da amostra de acordo com as características do eleitorado do Maranhão.";"Amostra probabilística em três estágios, estratificada em cinco regiões do estado: Capital (São Luís), Norte Maranhense, Leste Maranhense, Centro Maranhense e Sul e Oeste Maranhense. No primeiro estágio é feito sorteio probabilístico de municípios por meio do método PPT (Probabilidade Proporcional ao Tamanho), utilizando como medida de tamanho o número de eleitores aptos a votar em cada município, conforme dados do Tribunal Superior Eleitoral (TSE). Dentro da lista de municípios sorteados, no segundo estágio é realizado sorteio pelo mesmo método PPT dos setores censitários a serem visitados pelos entrevistadores, utilizando como medida de tamanho o número de domicílios particulares ocupados dos setores censitários, conforme Censo 2022 do IBGE. Finalmente, dentro da lista de setores censitários sorteados, no último estágio os domicílios são selecionados em campo por enumeração sistemática, a partir de uma esquina de partida definida em gabinete, e o respondente é sorteado no domicílio por grade de Kish. Serão realizadas 2.000 entrevistas, com público de 16 anos ou mais, representando as características do eleitorado do Maranhão.

O desenho prevê, ainda, pós-estratificação da amostra via algoritmo iterativo com quotas proporcionais, representando as características do eleitorado do Maranhão: SEXO: Masculino: 48.1%; Feminino: 51.9%. FAIXA ETÁRIA: Entre 16 a 24 anos: 17.5%; Entre 25 a 34 anos: 20.6%; Entre 35 a 44 anos: 20.5%; Entre 45 a 59 anos: 22.8%; 60 ou mais: 18.5%. ESCOLARIDADE: Ensino Fundamental completo ou incompleto e eleitores sem educação formal: 41.3%; Ensino Médio completo ou incompleto: 42.1%; Ensino Superior completo ou incompleto: 16.6%. NÍVEL ECONÔMICO: Renda familiar mensal até R$2000: 38.0%; Mais de R$2.000 a R$3.000: 23.4%; Mais de R$3.000 a R$5.000: 21.6%; Mais de R$5.000 a R$10.000: 12.1%; Mais de R$10.000: 4.9%. OBS.: devido ao arredondamento, a soma dos percentuais pode variar de 99% a 101%. Na agregação final, para cada variável de ponderação, serão admissíveis desvios de até 2.0 pontos percentuais em relação às quotas estipuladas. Confiança estimada: 95%, margem de erro: +/- 2.0 pontos percentuais. FONTE DOS DADOS: PNADC 2024 para escolaridade e nível econômico | TSE 2026 para sexo e faixa etária | Censo 2022 (IBGE) para a malha de setores censitários, as medidas de tamanho do sorteio e a estratificação regional.";"Coleta feita com a utilização de questionário eletrônico com procedimentos específicos para o armazenamento seguro dos dados. São checados manualmente no mínimo 15% dos questionários para detectar possíveis anomalias. Pesquisadores especializados realizam internamente uma verificação exaustiva da consistência dos dados antes da divulgação dos resultados finais.";"#NULO#"
"01/09/2026";"05:46:44";2026;81;"Eleições Gerais 2026";"MA";"MA";"MARANHÃO";"MA058622026";"2026-05-18 19:03:58";"N";"44470818000143";"ECONOMETRICA PESQUISA LTDA";"ECONOMETRICA PESQUISA";"Governador, Senador, Deputado Federal, Deputado Estadual";"2026-05-11 00:00:00";"2026-05-14 00:00:00";"2026-05-24 00:00:00";1607;"8223-A";"DANILIO SILVA SANTOS";"40000,00";"Pesquisa quantitativa, que consiste na realização de entrevistas pessoais face a face, com a aplicação de questionário estruturado com questões abertas e fechadas, conduzida por pessoas previamente treinadas e oficialmente identificadas. A distribuição da amostra será feita a partir da representação do eleitorado das 6 regiões do Estado do Maranhão.";"Amostra representativa do eleitorado do Maranhão elaborada em três estágios. No primeiro estágio faz-se um sorteio probabilístico dos municípios de cada Mesorregião, onde o sorteio dos municípios será realizado pelo método PPT (Probabilidade Proporcional ao Tamanho), tomando o eleitorado como base para tal seleção. No segundo estágio faz-se um sorteio probabilístico dos bairros que serão pesquisados, tomando eleitorado como base para tal seleção. No terceiro e último estágio, dentro dos setores sorteados, os respondentes são selecionados através de quotas amostrais proporcionais em função de variáveis significativas, a saber: SEXO: Masculino: 48%; Feminino: 52%; IDADE: De 16 a 24 anos: 17%; De 25 a 34 anos: 21%; De 35 a 44 anos: 21%; De 45 a 59 anos: 23%, De 60 a mais: 18%; ESCOLARIDADE: Sem instrução ou Lê e escreve: 19%, Ensino Fundamental: 27%, Ensino Médio: 45%, Ensino Superior Incompleto e Completo: 9%. RENDA: Até 1 Salário-mínimo: 19%, De 1 a 2 Salários-mínimos: 53%, De 2 a 5 Salários-mínimos: 24% e Mais de 5 Salários-mínimos: 4%. Está prevista eventual ponderação para correção das variáveis sexo, idade e escolaridade e renda com base nos percentuais anteriormente mencionados, caso ocorram diferenças superiores a 3 pontos percentuais entre o previsto na amostra e a coleta de dados realizada. Para a variáveis RELIGIÃO do entrevistado, o fator previsto para ponderação é 1 (resultados obtidos em campo). O número de entrevistas é de 1607. O nível de confiança estimado é de 95% e a margem de erro máxima estimada considerando um modelo de amostragem aleatório simples, é de 2,4 pontos percentuais para mais ou para menos sobre os resultados encontrados no total da amostra.
FONTE DOS DADOS: Censo 2022 | TSE 2026.";"Para a realização da pesquisa, utiliza-se uma equipe de entrevistadores e supervisores contratados pelo ECONOMÉTRICA PESQUISA LTDA. devidamente treinados para o trabalho. Após os trabalhos de campo, os questionários são submetidos a uma fiscalização de 20% (vinte por cento) dos questionários aplicados pelos entrevistadores; para verificação das respostas e da adequação dos entrevistadores aos parâmetros amostrais.";"Bacabal 48 , Barra do Corda 39 , Grajaú 33 , Presidente Dutra 21 , Tuntum 18 , Pedreiras 18 , Dom Pedro 12 , Santo Antônio dos Lopes 12 , Formosa da Serra Negra 12 , Gonçalves Dias 12 , Lima Campos 12 , São Luís 228 , São José de Ribamar 39 , Paço do Lumiar 27 , Timon 66 , Caxias 60 , Codó 44 , Chapadinha 33 , Coroatá 26 , Coelho Neto 18 , Colinas 15 , Urbano Santos 15 , São Bernardo 15 , Aldeias Altas 12 , São Benedito do Rio Preto 12 , Passagem Franca 12 , Pinheiro 40 , Barreirinhas 30 , Itapecuru Mirim 30 , Viana 27 , Vargem Grande 21 , São Bento 21 , Cururupu 18 , Santa Helena 16 , Arari 15 , Monção 15 , São João Batista 15 , Pedro do Rosário 13 , Palmeirândia 12 , Cajari 12 , Cantanhede 12 , Pirapemas 11 , Olinda Nova do Maranhão 12 , Cajapió 12 , Serrano do Maranhão 12 , Imperatriz 104 , Açailândia 42 , Santa Inês 35 , Santa Luzia 24 , Buriticupu 24 , Lago da Pedra 18 , Turiaçu 15 , Bom Jardim 15 , Carutapera 12 , Governador Nunes Freire 12 , Governador Edison Lobão 12 , Centro Novo do Maranhão 12 , Balsas 52 , Porto Franco 15 , Fortaleza dos Nogueiras 12. Total de entrevistas: 1607"
"01/09/2026";"05:46:44";2026;81;"Eleições Gerais 2026";"MA";"MA";"MARANHÃO";"MA005502026";"2026-06-22 13:38:10";"N";"10320449000190";"M D C LEMOS LTDA";"INOP PREVISAO PESQUISAS SERVICOS E PUBLICIDADES";"Governador, Senador, Deputado Federal, Deputado Estadual";"2026-06-12 00:00:00";"2026-06-20 00:00:00";"2026-06-28 00:00:00";2604;"8747 5° REGIÃO";"VITOR EMMANUEL BOUÇAS DA SILVA";"48000,00";"A pesquisa foi realizada em âmbito estadual, abrangendo eleitores residentes nas zonas urbana e
rural dos municípios do Estado do Maranhão, por meio de entrevistas presenciais, conduzidas tanto
em domicílios quanto em pontos de fluxo populacional (tais como vias públicas, áreas comerciais,
terminais de transporte, praças e locais de grande circulação), relacionando-as aos bairros ou
povoados de moradia, mediante aplicação de questionário estruturado com perguntas abertas e
fechadas. As entrevistas são realizadas por equipe de entrevistadores previamente treinada e
identificada, observando-se critérios de elegibilidade do respondente, quais sejam: ter 16 anos ou
mais, residir no Estado do Maranhão e possuir título eleitoral válido, estando, portanto, apto a votar.";"O desenho amostral adotado é do tipo misto com uso de conglomerados em dois estágios e
estratificado. No primeiro estágio, os municípios do estado são estratificados por regiões
geográficas (Norte, Sul, Leste, Oeste, Central e Grande Ilha), com alocação proporcional ao
tamanho do eleitorado, conforme dados mais recentes do Tribunal Superior Eleitoral (TSE). Dentro
de cada estrato, são sorteados municípios auto representativos e não auto representativos, estes
últimos selecionados com probabilidade proporcional ao tamanho (PPT).
No segundo estágio, dentro dos municípios sorteados, são definidos conglomerados de coleta,
compreendendo bairros ou áreas de grande circulação (pontos de fluxo), selecionados de forma
aleatória ou sistemática. Nesses conglomerados, os entrevistadores realizam abordagens presenciais
de eleitores, tanto em domicílios quanto em pontos de fluxo previamente definidos. A seleção do
respondente respeita regras objetivas de abordagem (por exemplo, intervalo fixo de domicílios ou
abordagem do próximo transeunte elegível). Após a finalização do trabalho de campo, os dados
coletados são comparados aos quantitativos populacionais e se necessário submetidos a
procedimento de ponderação estatística (pós-estratificação), com o objetivo de ajustar a amostra às
distribuições conhecidas do eleitorado estadual segundo sexo, faixa etária, escolaridade e renda
familiar, com base nas informações oficiais do Tribunal Superior Eleitoral (TSE-2026) e do
Instituto Brasileiro de Geografia e Estatística (IBGE-2022). Esse procedimento visa corrigir
eventuais desequilíbrios amostrais decorrentes do uso combinado de entrevistas domiciliares e em
pontos de fluxo, assegurando a representatividade dos resultados em relação ao universo
pesquisado.
GÊNERO: Masculino (47,93%); Feminino (52,07%);
GÊNERO e FAIXA ETÁRIA: Feminino 16 a 24 anos (16,29%); 25 a 29 anos (10,86%); 30 a 49
anos (40,10%); 50 anos ou mais (32,74%); Masculino 16 a 24 anos (17,43%); 25 a 29 anos
(10,94%); 30 a 49 anos (39,94%); 50 anos ou mais (31,69%)
GÊNERO e GRAU DE INSTRUÇÃO: Feminino Até a 4°série do Ensino Fundamental (35,47%);
5° a 8° série do Ensino Fundamental (23,56%); Ensino Médio (29,60%); Ensino Superior (11,37%)
Masculino Até a 4°série do Ensino Fundamental (43,57%); 5°a 8° série do Ensino Fundamental
(25,29%); Ensino Médio (24,07%); Ensino Superior (7,07%)
RENDA MENSAL INDIVIDUAL: Até 1 salário 73%; Mais de 1 a 2 salários 20%; Mais de 2
salários 7%.
O nível de confiança estimado é de 95% e a margem de erro máxima é de 3,02%. FONTE DOS
DADOS: IBGE 2022 | TSE 2026
Número de questionários aplicados, margem de erro e nível de confiança;
A pesquisa realizada com 2604 entrevistas. O tamanho da amostra foi dimensionado para garantir
estimativas com nível de confiança de 95% e erro amostral máximo de aproximadamente 3,02
pontos percentuais, considerando agora a natureza multicategórica da pergunta de intenção de voto.
Assim, para cada percentual estimado individualmente, pode-se afirmar que, com 95% de
confiança, o valor real na população pode diferir do valor observado na amostra em até
aproximadamente 3,02 pontos percentuais.
";"O controle da qualidade da coleta de dados é realizado por meio de procedimentos contínuos de
supervisão e auditoria interna, aplicados em todas as etapas do trabalho de campo. Todos os
questionários passam por conferência técnica obrigatória, destinada à verificação de consistência,
completude das respostas e adequação ao plano amostral previamente definido.
Adicionalmente, é realizada verificação independente em, no mínimo, 20% das entrevistas,
selecionadas de forma aleatória, por meio de recontato telefônico ou visita de retorno ao domicílio,
conforme a natureza da entrevista originalmente realizada. Esse procedimento tem por finalidade
confirmar a realização da entrevista, a elegibilidade do respondente e a fidelidade das informações
registradas.
Para a execução da pesquisa, é mobilizada uma equipe composta por entrevistadores de campo,
supervisores regionais e coordenação geral, todos previamente treinados quanto aos procedimentos
metodológicos, éticos e operacionais do levantamento. Os supervisores realizam acompanhamento
direto e indireto das equipes, incluindo observação em campo, checagem de rotas e validação diária
dos questionários coletados.
A coordenação geral é responsável pela consolidação das informações, pelo monitoramento do
cumprimento do plano amostral e pela adoção de medidas corretivas sempre que identificadas
inconsistências ou desvios nos procedimentos de coleta.";"SOMA DE ENTREVISTADOS POR LOCALIDADE
MARANHÃO 12 A 20 JUNHO 2026 - MA

LOCALIDADE	TOTAL

Açailândia	66
Araioses	28
Axixá	12
Bacabal	64
Balsas	65
Barra do Corda	56
Barreirinhas	48
Buriticupu	36
Cachoeira Grande	12
Caxias	96
Chapadinha	50
Codó	70
Coelho Neto	20
Colinas	30
Coroatá	44
Cururupu	20
Dom Pedro	18
Fortuna	10
Gonçalves Dias	14
Governador Edison Lobão	14
Grajaú	46
Icatu	22
Igarapé Grande	14
Imperatriz	164
Itapecuru-Mirim	40
João Lisboa	20
Lago da Pedra	30
Lima Campos	12
Mirinzal	12
Morros	16
Paço do Lumiar	76
Paraibano	16
Passagem Franca	16
Pastos Bons	19
Paulo Ramos	16
Pedreiras	28
Peritoró	16
Pindaré-Mirim	26
Pinheiro	52
Porto Franco	20
Presidente Dutra	34
Presidente Juscelino	14
Rosário	32
Santa Helena	24
Santa Inês	56
Santa Luzia	42
Santa Quitéria	19
São Bento	26
São Bernardo	22
Saõ Domingos do Maranhão	29
São João Batista	20
São José de Ribamar	98
São Luis	446
São Pedro da Água Branca	12
São Raimundo das Mangabeiras	15
Sítio Novo	16
Timon	107
Tuntum	28
Tutóia	42
Viana	36
Vitorino Freire	22
Zé Doca	30
MÉDIA GERAL  	2604

"
"01/09/2026";"05:46:44";2026;81;"Eleições Gerais 2026";"MA";"MA";"MARANHÃO";"MA071802026";"2026-08-30 20:37:14";"N";"64500153000180";"LAIS CRISTINA RODRIGUES DE OLIVEIRA LTDA";"IPSENSUS PESQUISAS";"Governador, Senador";"2026-08-30 00:00:00";"2026-09-02 00:00:00";"2026-09-05 00:00:00";350;"7655";"AUGUSTO DA SILVA ROCHA";"4000,00";"A pesquisa cobrirá o município envolvendo todas regiões do município de Raposa/MA Universo da pesquisa será dos eleitores com 16 anos ou mais. A amostra representará os eleitores do Município, selecionados em 2(dois) estágios. No primeiro estágio, os setores censitários, onde as entrevistas serão realizadas, foram selecionadas, probabilisticamente, através do método PPT - Probabilidade Proporcional ao Tamanho, tomando o número de eleitores como base para seleção. No segundo estágio, a seleção do entrevistado, dentro do setor censitário, será feita utilizando-se quotas proporcionais, e a abordagem será domiciliar.";"Utilizamos quotas proporcionais, em função das seguintes variáveis:

Gênero: FEMININO 53,50% ;
MASCULINO 46,50% ;


Faixa etária: 16 a 24 anos 15,90% ;
25 a 34 anos 22,73% ;
35 a 44 anos 22,57% ;
45 a 59 anos 24,80% ;
60 anos ou mais 14,00% ;


Grau de instrução: ; ANALFABETO 3,61% ;
ENSINO FUNDAMENTAL COMPLETO 6,79% ;
ENSINO FUNDAMENTAL INCOMPLETO 23,41% ;
ENSINO MÉDIO COMPLETO 31,07% ;
ENSINO MÉDIO INCOMPLETO 23,66% ;
LÊ E ESCREVE 5,32% ;
SUPERIOR COMPLETO 3,81% ;
SUPERIOR INCOMPLETO 2,33% ;

Fonte dos dados: TSE-Tribunal Superior Eleitoral/julho2026; Cruzamento Eleitorado Mensal
https://sig.tse.jus.br/ords/dwapr/r/seai/sig-eleitor-eleitorado-mensal/cruzamento-eleitorado-mensal?p24_metricas=E&p24_back=22&p24_cruzamento_1=ds_sexo&clear=24&session=1774743626647
;
https://sig.tse.jus.br/ords/dwapr/r/seai/sig-eleitor-eleitorado-mensal/cruzamento-eleitorado-mensal?p24_cruzamento_1=ds_faixa_etaria&p24_metricas=E&p24_back=22&clear=24&session=1774743626647
;
https://sig.tse.jus.br/ords/dwapr/r/seai/sig-eleitor-eleitorado-mensal/cruzamento-eleitorado-mensal?p24_cruzamento_1=ds_grau_instrucao&p24_metricas=E&p24_back=22&clear=24&session=1774743626647
;
Ano=2026; Mês = JULHO; UF= MA; MUNICIPIO = Raposa;

Renda familiar: ; Até 1/2 salário mínimo 9,43% ;
Mais de 1/2 a 1 salário mínimo 27,56% ;
Mais de 1 a 2 salários mínimos 31,84% ;
Mais de 2 a 5 salários mínimos 21,02% ;
Mais de 5 a 10 salários mínimos 3,05% ;
Mais de 10 a 20 salários mínimos 0,81% ;
Mais de 20 salários mínimos 0,23% ;
Sem rendimento 6,06% ;
Fonte dos dados: IBGE-Censo 2010-IBGE-CENSO 2022 (IBGE/Censo 2010 - Classe de rendimento nominal mensal domiciliar) ; https://cidades.ibge.gov.br/brasil/ma/raposa/pesquisa/23/24304;

""Está prevista eventual ponderação da amostra para correção das variáveis sexo, idade, renda familiar e escolaridade com base nos percentuais anteriormente mencionados, caso ocorram diferenças entre os percentuais previstos na amostra e a coleta de dados realizada.

O nível de confiança estimado é de 95% e a margem de erro máxima prevista, baseada em uma amostra aleatória simples (AAS), é de cerca de 5,2 pontos percentuais para mais ou para menos em relação aos totais da amostra. Nível Econômico: IBGE (Censo/2010) - Observação: Conforme informações obtidas do Instituto Brasileiro de Geografia e Estatística, o IBGE, não divulgou - e não tem previsão - de data para divulgação do perfil econômico (nível econômico) da população brasileira; portanto, os dados quanto ao nível econômico obtidos no Censo 2022, não podem ser utilizados, pois não foram publicados.""";"Para a realização da pesquisa, utiliza-se uma equipe de entrevistadores e supervisores credenciados devidamente treinados pela empresa para esse tipo de pesquisa. Após os trabalhos de campo, 100% dos questionários são criticados e passam por uma fiscalização de cerca de 20% (vinte por cento) dos questionários aplicados por cada entrevistador; para verificação da consistência das respostas e da adequação dos entrevistados aos parâmetros amostrais.";"#NULO#"
